Workbook

Sheet Trade_Data
A1: LC_ID | B1: Client | C1: Country | D1: Currency | E1: Invoice_USD | F1: LC_Exposure_USD | G1: Due_Date | H1: Days_Overdue | I1: FX_Impact_USD | J1: Country_Risk | K1: Status
A2: LC1002 | B2: Samsung | C2: Nigeria | D2: BRL | E2: 626680 | F2: 673387 | G2: 2026-02-16 | H2: 33 | I2: 2241.67 | J2: High | K2: Open
A3: LC1003 | B3: Maersk | C3: UAE | D3: CNY | E3: 97205 | F3: 617436 | G3: 2026-02-13 | H3: 9 | I3: -13769.45 | J3: Low | K3: Open
A4: LC1004 | B4: Maersk | C4: Turkey | D4: EUR | E4: 430560 | F4: 607895 | G4: 2026-03-02 | H4: 18 | I4: -4493.18 | J4: High | K4: Open
A5: LC1005 | B5: Toyota | C5: UAE | D5: EUR | E5: 315075 | F5: 317133 | G5: 2026-04-04 | H5: 57 | I5: -14794.05 | J5: Low | K5: Overdue
A6: LC1006 | B6: Tata | C6: Brazil | D6: CNY | E6: 581889 | F6: 720861 | G6: 2026-04-19 | H6: 0 | I6: 14762.5 | J6: Medium | K6: Overdue
A7: LC1007 | B7: Tata | C7: Nigeria | D7: AED | E7: 587223 | F7: 669419 | G7: 2026-02-17 | H7: 66 | I7: 11967.31 | J7: High | K7: Open
A8: LC1008 | B8: Nestle | C8: Brazil | D8: CNY | E8: 691100 | F8: 744005 | G8: 2026-01-05 | H8: 18 | I8: 3063.3 | J8: Medium | K8: Settled
A9: LC1009 | B9: Samsung | C9: Brazil | D9: CNY | E9: 355054 | F9: 667457 | G9: 2026-04-22 | H9: 43 | I9: -13480.34 | J9: Medium | K9: Settled
A10: LC1010 | B10: Maersk | C10: Germany | D10: TRY | E10: 398101 | F10: 212021 | G10: 2026-02-27 | H10: 75 | I10: 14454.63 | J10: Low | K10: Settled
A11: LC1011 | B11: Shell | C11: Turkey | D11: BRL | E11: 482313 | F11: 782066 | G11: 2026-01-15 | H11: 54 | I11: -7391.07 | J11: High | K11: Settled
A12: LC1012 | B12: Samsung | C12: Germany | D12: EUR | E12: 104116 | F12: 275398 | G12: 2026-04-20 | H12: 6 | I12: 16707.69 | J12: Low | K12: Overdue
A13: LC1013 | B13: Tata | C13: Brazil | D13: BRL | E13: 298068 | F13: 650085 | G13: 2026-01-10 | H13: 49 | I13: -9693.64 | J13: Medium | K13: Open
... A51: LC1051 | B51: Siemens | C51: Turkey | D51: CNY | E51: 209622 | F51: 445084 | G51: 2026-03-06 | H51: 13 | I51: 13052.46 | J51: High | K51: Open

Sheet Country_Risk
A1: Country | B1: Total Exposure | C1: Avg Overdue Days | D1: High Risk Count
A2: Germany | B2: =SUMIF(Trade_Data!C:C,A2,Trade_Data!F:F) | C2: =AVERAGEIF(Trade_Data!C:C,A2,Trade_Data!H:H) | D2: =COUNTIFS(Trade_Data!C:C,A2,Trade_Data!J:J,"High")
A3: China | B3: =SUMIF(Trade_Data!C:C,A3,Trade_Data!F:F) | C3: =AVERAGEIF(Trade_Data!C:C,A3,Trade_Data!H:H) | D3: =COUNTIFS(Trade_Data!C:C,A3,Trade_Data!J:J,"High")
A4: Indonesia | B4: =SUMIF(Trade_Data!C:C,A4,Trade_Data!F:F) | C4: =AVERAGEIF(Trade_Data!C:C,A4,Trade_Data!H:H) | D4: =COUNTIFS(Trade_Data!C:C,A4,Trade_Data!J:J,"High")
A5: UAE | B5: =SUMIF(Trade_Data!C:C,A5,Trade_Data!F:F) | C5: =AVERAGEIF(Trade_Data!C:C,A5,Trade_Data!H:H) | D5: =COUNTIFS(Trade_Data!C:C,A5,Trade_Data!J:J,"High")
A6: Turkey | B6: =SUMIF(Trade_Data!C:C,A6,Trade_Data!F:F) | C6: =AVERAGEIF(Trade_Data!C:C,A6,Trade_Data!H:H) | D6: =COUNTIFS(Trade_Data!C:C,A6,Trade_Data!J:J,"High")
A7: Nigeria | B7: =SUMIF(Trade_Data!C:C,A7,Trade_Data!F:F) | C7: =AVERAGEIF(Trade_Data!C:C,A7,Trade_Data!H:H) | D7: =COUNTIFS(Trade_Data!C:C,A7,Trade_Data!J:J,"High")
A8: Brazil | B8: =SUMIF(Trade_Data!C:C,A8,Trade_Data!F:F) | C8: =AVERAGEIF(Trade_Data!C:C,A8,Trade_Data!H:H) | D8: =COUNTIFS(Trade_Data!C:C,A8,Trade_Data!J:J,"High")

Sheet Dashboard
A1: Trade Finance Risk Dashboard
A4: Total LC Exposure | D4: Overdue Receivables | G4: High Risk Transactions | J4: Net FX Impact
A5: =SUM(Trade_Data!F:F) | D5: =SUMIF(Trade_Data!H:H,">0",Trade_Data!E:E) | G5: =COUNTIF(Trade_Data!J:J,"High") | J5: =SUM(Trade_Data!I:I)

Sheet Aging_Analysis
A1: Bucket | B1: Receivable_USD
A2: 0-30 Days | B2: 450000
A3: 31-60 Days | B3: 380000
A4: 61-90 Days | B4: 250000
A5: 90+ Days | B5: 120000

Sheet FX_Trend
A1: Month | B1: FX Loss/Gain
A2: Jan | B2: 20339
A3: Feb | B3: 15559
A4: Mar | B4: 14813
A5: Apr | B5: 58043
A6: May | B6: 51883
A7: Jun | B7: 30562
A8: Jul | B8: 47683
A9: Aug | B9: 62877
A10: Sep | B10: 63325
A11: Oct | B11: 42092
A12: Nov | B12: -19741
A13: Dec | B13: -27264
