Workbook
Name cookings_oils: 'macros and basic'!#REF!
Name dairy: 'macros and basic'!$H$2:$H$1048576
Name drinks: 'macros and basic'!#REF!
Name Fruits: 'macros and basic'!#REF!
Name grains: 'macros and basic'!#REF!
Name legumes: 'macros and basic'!#REF!
Name masala: 'macros and basic'!#REF!
Name masala: [1]Sheet1!#REF!
Name non_veg: 'macros and basic'!#REF!
Name Nuts_and_seeds: 'macros and basic'!#REF!
Name Particulars: 'macros and basic'!$B$2:$B$1048576
Name seeds: 'macros and basic'!#REF!
Name seeds: [1]Sheet1!#REF!
Name supplements: 'macros and basic'!$G$2:$G$1048576
Name Vegetables: 'macros and basic'!#REF!

Sheet inputs
A1: ENTER VALUES IN GMS AND HOW MANY TIMES IN A WEEK
C3: dairy | H3: grains
A4: Name | B4: Qty | C4: Units | D4: No of times in a week | F4: Name | G4: Qty | H4: Units | I4: No of times in a week
A5: whey | B5: 100 | C5: gm | D5: 1 | F5: white (rice) | G5: 70 | H5: gm | I5: 7
A6: milk | B6: 150 | C6: ml | D6: 7 | F6: oats | G6: 30 | H6: gm | I6: 7
A7: skim powder | B7: 20 | C7: gm | D7: 7 | F7: chia | G7: 7 | H7: gm | I7: 50
C8: legumes | F8: flax | G8: 10 | H8: gm | I8: 7
A9: roasted chana | B9: 50 | C9: gm | D9: 5 | H9: Non veg
A10: yellow moong | B10: 50 | C10: gm | D10: 1 | F10: eggs | G10: 55 | H10: piece | I10: 8
A11: green moong | B11: 50 | C11: gm | D11: 1 | F11: chicken | G11: 200 | H11: gm | I11: 4
A12: masoor | B12: 50 | C12: gm | D12: 1
A13: rajma | B13: 50 | C13: gm | D13: 1
A14: chana | B14: 50 | C14: gm | D14: 1
A15: soya chunks | B15: 50 | C15: gm | D15: 5

Sheet macros and basic
B1: Particulars
A2: vitamins | B2: soluble | C2: unit | D2: rda | E2: optimal | G2: whey | H2: milk | I2: skim milk powder | J2: oats | K2: chia | L2: flax | M2: eggs | N2: chicken | O2: soya chunks | P2: roasted chana | Q2: white (rice) | R2: yellow moong | S2: green moong | T2: masoor | U2: rajma | V2: chana | W2: carrot | X2: pomegranate | Y2: beetroot | Z2: tomato | AA2: guava | AB2: total week | AC2: per day avg | AD2: per day vs rda | AE2: unit | AF2: percentage consume | AG2: per day vs optimal | AH2: unit | AI2: percent consume
A3: A (retinol only) | B3: fat | C3: mcg | D3: 900 | E3: 1200 | G3: =IFERROR((inputs!$B$5/100) *'master data '!E2 * inputs!$D$5,0) -> 0 | H3: =IFERROR((inputs!$B$6/100) *'master data '!F2 * inputs!$D$6,0) -> 525 | I3: =IFERROR((inputs!$B$7/100) *'master data '!G2 * inputs!$D$7,0) -> 63 | J3: =IFERROR((inputs!$G$6/100) *'master data '!H2 * inputs!$I$6,0) -> 0 | K3: =IFERROR((inputs!$G$7/100) *'master data '!I2 * inputs!$I$7,0) -> 0 | L3: =IFERROR((inputs!$G$8/100) *'master data '!J2 * inputs!$I$8,0) -> 0 | M3: =IFERROR((inputs!$G$10/100) *'master data '!K2 * inputs!$I$10,0) -> 704 | N3: =IFERROR((inputs!$G$11/100) *'master data '!L2 * inputs!$I$11,0) -> 40 | O3: =IFERROR((inputs!$B$15/100) *'master data '!M2 * inputs!$D$15,0) -> 0 | P3: =IFERROR((inputs!$B$9/100) *'master data '!N2 * inputs!$D$9,0) -> 0 | Q3: =IFERROR((inputs!$G$5/100) *'master data '!O2 * inputs!$I$5,0) -> 0 | R3: =IFERROR((inputs!$B$10/100) *'master data '!P2 * inputs!$D$10,0) -> 0 | S3: =IFERROR((inputs!$B$11/100) *'master data '!Q2 * inputs!$D$11,0) -> 0 | T3: =IFERROR((inputs!$B$12/100) *'master data '!R2 * inputs!$D$12,0) -> 0 | U3: =IFERROR((inputs!$B$13/100) *'master data '!S2 * inputs!$D$13,0) -> 0 | V3: =IFERROR((inputs!$B$14/100) *'master data '!T2 * inputs!$D$14,0) -> 0 | W3: =IFERROR((#REF!/100) *'master data '!U2 *#REF!,0) -> 0 | X3: =IFERROR((#REF!/100) *'master data '!W2 *#REF!,0) -> 0 | Y3: =IFERROR((#REF!/100) *'master data '!X2 *#REF!,0) -> 0 | Z3: =IFERROR((#REF!/100) *'master data '!V2 *#REF!,0) -> 0 | AA3: =IFERROR((#REF!/100) *'master data '!Y2 *#REF!,0) -> 0 | AB3: =SUM(G3:AA3) -> 1332 | AC3: =AB3 /7 -> 190.28571 | AD3: =AC3 - D3 -> -709.71429 | AE3: mcg | AF3: =IFERROR(AC3/D3*100,"N/A") -> 21.142857 | AG3: =AC3 -E3 -> -1009.7143 | AH3: mcg | AI3: =AC3 /E3*100 -> 15.857143
A4: B1 (Thiamine) | B4: water | C4: mg | D4: 1.2 | E4: 2 | G4: =IFERROR((inputs!$B$5/100) *'master data '!E3 * inputs!$D$5,0) -> 0.42 | H4: =IFERROR((inputs!$B$6/100) *'master data '!F3 * inputs!$D$6,0) -> 0.42 | I4: =IFERROR((inputs!$B$7/100) *'master data '!G3 * inputs!$D$7,0) -> 0.56 | J4: =IFERROR((inputs!$G$6/100) *'master data '!H3 * inputs!$I$6,0) -> 0.966 | K4: =IFERROR((inputs!$G$7/100) *'master data '!I3 * inputs!$I$7,0) -> 2.1 | L4: =IFERROR((inputs!$G$8/100) *'master data '!J3 * inputs!$I$8,0) -> 0.35 | M4: =IFERROR((inputs!$G$10/100) *'master data '!K3 * inputs!$I$10,0) -> 0.352 | N4: =IFERROR((inputs!$G$11/100) *'master data '!L3 * inputs!$I$11,0) -> 0.56 | O4: =IFERROR((inputs!$B$15/100) *'master data '!M3 * inputs!$D$15,0) -> 2.175 | P4: =IFERROR((inputs!$B$9/100) *'master data '!N3 * inputs!$D$9,0) -> 0.7 | Q4: =IFERROR((inputs!$G$5/100) *'master data '!O3 * inputs!$I$5,0) -> 0.49 | R4: =IFERROR((inputs!$B$10/100) *'master data '!P3 * inputs!$D$10,0) -> 0.21 | S4: =IFERROR((inputs!$B$11/100) *'master data '!Q3 * inputs!$D$11,0) -> 0.31 | T4: =IFERROR((inputs!$B$12/100) *'master data '!R3 * inputs!$D$12,0) -> 0.25 | U4: =IFERROR((inputs!$B$13/100) *'master data '!S3 * inputs!$D$13,0) -> 0.225 | V4: =IFERROR((inputs!$B$14/100) *'master data '!T3 * inputs!$D$14,0) -> 0.24 | W4: =IFERROR((#REF!/100) *'master data '!U3 *#REF!,0) -> 0 | X4: =IFERROR((#REF!/100) *'master data '!W3 *#REF!,0) -> 0 | Y4: =IFERROR((#REF!/100) *'master data '!X3 *#REF!,0) -> 0 | Z4: =IFERROR((#REF!/100) *'master data '!V3 *#REF!,0) -> 0 | AA4: =IFERROR((#REF!/100) *'master data '!Y3 *#REF!,0) -> 0 | AB4: =SUM(G4:AA4) -> 10.328 | AC4: =AB4 /7 -> 1.4754286 | AD4: =AC4 - D4 -> 0.27542857 | AE4: mg | AF4: =IFERROR(AC4/D4*100,"N/A") -> 122.95238 | AG4: =AC4 -E4 -> -0.52457143 | AH4: mg | AI4: =AC4 /E4*100 -> 73.771429
A5: B2 (Riboflavin) | B5: water | C5: mg | D5: 1.3 | E5: 2 | G5: =IFERROR((inputs!$B$5/100) *'master data '!E4 * inputs!$D$5,0) -> 0.48 | H5: =IFERROR((inputs!$B$6/100) *'master data '!F4 * inputs!$D$6,0) -> 1.995 | I5: =IFERROR((inputs!$B$7/100) *'master data '!G4 * inputs!$D$7,0) -> 2.8 | J5: =IFERROR((inputs!$G$6/100) *'master data '!H4 * inputs!$I$6,0) -> 0.231 | K5: =IFERROR((inputs!$G$7/100) *'master data '!I4 * inputs!$I$7,0) -> 0.7 | L5: =IFERROR((inputs!$G$8/100) *'master data '!J4 * inputs!$I$8,0) -> 0.14 | M5: =IFERROR((inputs!$G$10/100) *'master data '!K4 * inputs!$I$10,0) -> 1.936 | N5: =IFERROR((inputs!$G$11/100) *'master data '!L4 * inputs!$I$11,0) -> 0.8 | O5: =IFERROR((inputs!$B$15/100) *'master data '!M4 * inputs!$D$15,0) -> 0.725 | P5: =IFERROR((inputs!$B$9/100) *'master data '!N4 * inputs!$D$9,0) -> 0.25 | Q5: =IFERROR((inputs!$G$5/100) *'master data '!O4 * inputs!$I$5,0) -> 0.196 | R5: =IFERROR((inputs!$B$10/100) *'master data '!P4 * inputs!$D$10,0) -> 0.1 | S5: =IFERROR((inputs!$B$11/100) *'master data '!Q4 * inputs!$D$11,0) -> 0.115 | T5: =IFERROR((inputs!$B$12/100) *'master data '!R4 * inputs!$D$12,0) -> 0.105 | U5: =IFERROR((inputs!$B$13/100) *'master data '!S4 * inputs!$D$13,0) -> 0.11 | V5: =IFERROR((inputs!$B$14/100) *'master data '!T4 * inputs!$D$14,0) -> 0.09 | W5: =IFERROR((#REF!/100) *'master data '!U4 *#REF!,0) -> 0 | X5: =IFERROR((#REF!/100) *'master data '!W4 *#REF!,0) -> 0 | Y5: =IFERROR((#REF!/100) *'master data '!X4 *#REF!,0) -> 0 | Z5: =IFERROR((#REF!/100) *'master data '!V4 *#REF!,0) -> 0 | AA5: =IFERROR((#REF!/100) *'master data '!Y4 *#REF!,0) -> 0 | AB5: =SUM(G5:AA5) -> 10.773 | AC5: =AB5 /7 -> 1.539 | AD5: =AC5 - D5 -> 0.239 | AE5: mg | AF5: =IFERROR(AC5/D5*100,"N/A") -> 118.38462 | AG5: =AC5 -E5 -> -0.461 | AH5: mg | AI5: =AC5 /E5*100 -> 76.95
A6: B3 (Niacin) | B6: water | C6: mg | D6: 16 | E6: 25 | G6: =IFERROR((inputs!$B$5/100) *'master data '!E5 * inputs!$D$5,0) -> 5.4 | H6: =IFERROR((inputs!$B$6/100) *'master data '!F5 * inputs!$D$6,0) -> 1.05 | I6: =IFERROR((inputs!$B$7/100) *'master data '!G5 * inputs!$D$7,0) -> 1.4 | J6: =IFERROR((inputs!$G$6/100) *'master data '!H5 * inputs!$I$6,0) -> 2.1 | K6: =IFERROR((inputs!$G$7/100) *'master data '!I5 * inputs!$I$7,0) -> 10.85 | L6: =IFERROR((inputs!$G$8/100) *'master data '!J5 * inputs!$I$8,0) -> 2.17 | M6: =IFERROR((inputs!$G$10/100) *'master data '!K5 * inputs!$I$10,0) -> 0.44 | N6: =IFERROR((inputs!$G$11/100) *'master data '!L5 * inputs!$I$11,0) -> 86.4 | O6: =IFERROR((inputs!$B$15/100) *'master data '!M5 * inputs!$D$15,0) -> 4 | P6: =IFERROR((inputs!$B$9/100) *'master data '!N5 * inputs!$D$9,0) -> 4 | Q6: =IFERROR((inputs!$G$5/100) *'master data '!O5 * inputs!$I$5,0) -> 7.35 | R6: =IFERROR((inputs!$B$10/100) *'master data '!P5 * inputs!$D$10,0) -> 1.05 | S6: =IFERROR((inputs!$B$11/100) *'master data '!Q5 * inputs!$D$11,0) -> 1.1 | T6: =IFERROR((inputs!$B$12/100) *'master data '!R5 * inputs!$D$12,0) -> 1.3 | U6: =IFERROR((inputs!$B$13/100) *'master data '!S5 * inputs!$D$13,0) -> 1.05 | V6: =IFERROR((inputs!$B$14/100) *'master data '!T5 * inputs!$D$14,0) -> 0.8 | W6: =IFERROR((#REF!/100) *'master data '!U5 *#REF!,0) -> 0 | X6: =IFERROR((#REF!/100) *'master data '!W5 *#REF!,0) -> 0 | Y6: =IFERROR((#REF!/100) *'master data '!X5 *#REF!,0) -> 0 | Z6: =IFERROR((#REF!/100) *'master data '!V5 *#REF!,0) -> 0 | AA6: =IFERROR((#REF!/100) *'master data '!Y5 *#REF!,0) -> 0 | AB6: =SUM(G6:AA6) -> 130.46 | AC6: =AB6 /7 -> 18.637143 | AD6: =AC6 - D6 -> 2.6371429 | AE6: mg | AF6: =IFERROR(AC6/D6*100,"N/A") -> 116.48214 | AG6: =AC6 -E6 -> -6.3628571 | AH6: mg | AI6: =AC6 /E6*100 -> 74.548571
A7: B5 (Pantothenic Acid) | B7: water | C7: mg | D7: 5 | E7: 10 | G7: =IFERROR((inputs!$B$5/100) *'master data '!E6 * inputs!$D$5,0) -> 1.5 | H7: =IFERROR((inputs!$B$6/100) *'master data '!F6 * inputs!$D$6,0) -> 3.465 | I7: =IFERROR((inputs!$B$7/100) *'master data '!G6 * inputs!$D$7,0) -> 4.2 | J7: =IFERROR((inputs!$G$6/100) *'master data '!H6 * inputs!$I$6,0) -> 2.31 | K7: =IFERROR((inputs!$G$7/100) *'master data '!I6 * inputs!$I$7,0) -> 1.75 | L7: =IFERROR((inputs!$G$8/100) *'master data '!J6 * inputs!$I$8,0) -> 0.35 | M7: =IFERROR((inputs!$G$10/100) *'master data '!K6 * inputs!$I$10,0) -> 6.16 | N7: =IFERROR((inputs!$G$11/100) *'master data '!L6 * inputs!$I$11,0) -> 8 | O7: =IFERROR((inputs!$B$15/100) *'master data '!M6 * inputs!$D$15,0) -> 0.375 | P7: =IFERROR((inputs!$B$9/100) *'master data '!N6 * inputs!$D$9,0) -> 1.25 | Q7: =IFERROR((inputs!$G$5/100) *'master data '!O6 * inputs!$I$5,0) -> 3.92 | R7: =IFERROR((inputs!$B$10/100) *'master data '!P6 * inputs!$D$10,0) -> 0.55 | S7: =IFERROR((inputs!$B$11/100) *'master data '!Q6 * inputs!$D$11,0) -> 0.65 | T7: =IFERROR((inputs!$B$12/100) *'master data '!R6 * inputs!$D$12,0) -> 0.6 | U7: =IFERROR((inputs!$B$13/100) *'master data '!S6 * inputs!$D$13,0) -> 0.55 | V7: =IFERROR((inputs!$B$14/100) *'master data '!T6 * inputs!$D$14,0) -> 0.5 | W7: =IFERROR((#REF!/100) *'master data '!U6 *#REF!,0) -> 0 | X7: =IFERROR((#REF!/100) *'master data '!W6 *#REF!,0) -> 0 | Y7: =IFERROR((#REF!/100) *'master data '!X6 *#REF!,0) -> 0 | Z7: =IFERROR((#REF!/100) *'master data '!V6 *#REF!,0) -> 0 | AA7: =IFERROR((#REF!/100) *'master data '!Y6 *#REF!,0) -> 0 | AB7: =SUM(G7:AA7) -> 36.13 | AC7: =AB7 /7 -> 5.1614286 | AD7: =AC7 - D7 -> 0.16142857 | AE7: mg | AF7: =IFERROR(AC7/D7*100,"N/A") -> 103.22857 | AG7: =AC7 -E7 -> -4.8385714 | AH7: mg | AI7: =AC7 /E7*100 -> 51.614286
A8: B6 (pyridoxine) | B8: water | C8: mg | D8: 1.3 | E8: 3 | G8: =IFERROR((inputs!$B$5/100) *'master data '!E7 * inputs!$D$5,0) -> 0.6 | H8: =IFERROR((inputs!$B$6/100) *'master data '!F7 * inputs!$D$6,0) -> 0.42 | I8: =IFERROR((inputs!$B$7/100) *'master data '!G7 * inputs!$D$7,0) -> 0.56 | J8: =IFERROR((inputs!$G$6/100) *'master data '!H7 * inputs!$I$6,0) -> 0.252 | K8: =IFERROR((inputs!$G$7/100) *'master data '!I7 * inputs!$I$7,0) -> 2.1 | L8: =IFERROR((inputs!$G$8/100) *'master data '!J7 * inputs!$I$8,0) -> 0.35 | M8: =IFERROR((inputs!$G$10/100) *'master data '!K7 * inputs!$I$10,0) -> 0.44 | N8: =IFERROR((inputs!$G$11/100) *'master data '!L7 * inputs!$I$11,0) -> 4.8 | O8: =IFERROR((inputs!$B$15/100) *'master data '!M7 * inputs!$D$15,0) -> 0.925 | P8: =IFERROR((inputs!$B$9/100) *'master data '!N7 * inputs!$D$9,0) -> 0.875 | Q8: =IFERROR((inputs!$G$5/100) *'master data '!O7 * inputs!$I$5,0) -> 0.735 | R8: =IFERROR((inputs!$B$10/100) *'master data '!P7 * inputs!$D$10,0) -> 0.27 | S8: =IFERROR((inputs!$B$11/100) *'master data '!Q7 * inputs!$D$11,0) -> 0.29 | T8: =IFERROR((inputs!$B$12/100) *'master data '!R7 * inputs!$D$12,0) -> 0.27 | U8: =IFERROR((inputs!$B$13/100) *'master data '!S7 * inputs!$D$13,0) -> 0.205 | V8: =IFERROR((inputs!$B$14/100) *'master data '!T7 * inputs!$D$14,0) -> 0.265 | W8: =IFERROR((#REF!/100) *'master data '!U7 *#REF!,0) -> 0 | X8: =IFERROR((#REF!/100) *'master data '!W7 *#REF!,0) -> 0 | Y8: =IFERROR((#REF!/100) *'master data '!X7 *#REF!,0) -> 0 | Z8: =IFERROR((#REF!/100) *'master data '!V7 *#REF!,0) -> 0 | AA8: =IFERROR((#REF!/100) *'master data '!Y7 *#REF!,0) -> 0 | AB8: =SUM(G8:AA8) -> 13.357 | AC8: =AB8 /7 -> 1.9081429 | AD8: =AC8 - D8 -> 0.60814286 | AE8: mg | AF8: =IFERROR(AC8/D8*100,"N/A") -> 146.78022 | AG8: =AC8 -E8 -> -1.0918571 | AH8: mg | AI8: =AC8 /E8*100 -> 63.604762
A9: B7(biotin) | B9: water | C9: mcg | D9: 30 | E9: 100 | G9: =IFERROR((inputs!$B$5/100) *'master data '!E8 * inputs!$D$5,0) -> 9 | H9: =IFERROR((inputs!$B$6/100) *'master data '!F8 * inputs!$D$6,0) -> 31.5 | I9: =IFERROR((inputs!$B$7/100) *'master data '!G8 * inputs!$D$7,0) -> 28 | J9: =IFERROR((inputs!$G$6/100) *'master data '!H8 * inputs!$I$6,0) -> 42 | K9: =IFERROR((inputs!$G$7/100) *'master data '!I8 * inputs!$I$7,0) -> 0 | L9: =IFERROR((inputs!$G$8/100) *'master data '!J8 * inputs!$I$8,0) -> 0 | M9: =IFERROR((inputs!$G$10/100) *'master data '!K8 * inputs!$I$10,0) -> 44 | N9: =IFERROR((inputs!$G$11/100) *'master data '!L8 * inputs!$I$11,0) -> 40 | O9: =IFERROR((inputs!$B$15/100) *'master data '!M8 * inputs!$D$15,0) -> 17.5 | P9: =IFERROR((inputs!$B$9/100) *'master data '!N8 * inputs!$D$9,0) -> 12.5 | Q9: =IFERROR((inputs!$G$5/100) *'master data '!O8 * inputs!$I$5,0) -> 9.8 | R9: =IFERROR((inputs!$B$10/100) *'master data '!P8 * inputs!$D$10,0) -> 3 | S9: =IFERROR((inputs!$B$11/100) *'master data '!Q8 * inputs!$D$11,0) -> 3.5 | T9: =IFERROR((inputs!$B$12/100) *'master data '!R8 * inputs!$D$12,0) -> 3 | U9: =IFERROR((inputs!$B$13/100) *'master data '!S8 * inputs!$D$13,0) -> 2.5 | V9: =IFERROR((inputs!$B$14/100) *'master data '!T8 * inputs!$D$14,0) -> 3 | W9: =IFERROR((#REF!/100) *'master data '!U8 *#REF!,0) -> 0 | X9: =IFERROR((#REF!/100) *'master data '!W8 *#REF!,0) -> 0 | Y9: =IFERROR((#REF!/100) *'master data '!X8 *#REF!,0) -> 0 | Z9: =IFERROR((#REF!/100) *'master data '!V8 *#REF!,0) -> 0 | AA9: =IFERROR((#REF!/100) *'master data '!Y8 *#REF!,0) -> 0 | AB9: =SUM(G9:AA9) -> 249.3 | AC9: =AB9 /7 -> 35.614286 | AD9: =AC9 - D9 -> 5.6142857 | AE9: mcg | AF9: =IFERROR(AC9/D9*100,"N/A") -> 118.71429 | AG9: =AC9 -E9 -> -64.385714 | AH9: mcg | AI9: =AC9 /E9*100 -> 35.614286
A10: B9(folate) | B10: water | C10: mcg | D10: 400 | E10: 600 | G10: =IFERROR((inputs!$B$5/100) *'master data '!E9 * inputs!$D$5,0) -> 300 | H10: =IFERROR((inputs!$B$6/100) *'master data '!F9 * inputs!$D$6,0) -> 52.5 | I10: =IFERROR((inputs!$B$7/100) *'master data '!G9 * inputs!$D$7,0) -> 63 | J10: =IFERROR((inputs!$G$6/100) *'master data '!H9 * inputs!$I$6,0) -> 117.6 | K10: =IFERROR((inputs!$G$7/100) *'master data '!I9 * inputs!$I$7,0) -> 304.5 | L10: =IFERROR((inputs!$G$8/100) *'master data '!J9 * inputs!$I$8,0) -> 60.9 | M10: =IFERROR((inputs!$G$10/100) *'master data '!K9 * inputs!$I$10,0) -> 206.8 | N10: =IFERROR((inputs!$G$11/100) *'master data '!L9 * inputs!$I$11,0) -> 32 | O10: =IFERROR((inputs!$B$15/100) *'master data '!M9 * inputs!$D$15,0) -> 500 | P10: =IFERROR((inputs!$B$9/100) *'master data '!N9 * inputs!$D$9,0) -> 450 | Q10: =IFERROR((inputs!$G$5/100) *'master data '!O9 * inputs!$I$5,0) -> 39.2 | R10: =IFERROR((inputs!$B$10/100) *'master data '!P9 * inputs!$D$10,0) -> 312.5 | S10: =IFERROR((inputs!$B$11/100) *'master data '!Q9 * inputs!$D$11,0) -> 320 | T10: =IFERROR((inputs!$B$12/100) *'master data '!R9 * inputs!$D$12,0) -> 240 | U10: =IFERROR((inputs!$B$13/100) *'master data '!S9 * inputs!$D$13,0) -> 197.5 | V10: =IFERROR((inputs!$B$14/100) *'master data '!T9 * inputs!$D$14,0) -> 275 | W10: =IFERROR((#REF!/100) *'master data '!U9 *#REF!,0) -> 0 | X10: =IFERROR((#REF!/100) *'master data '!W9 *#REF!,0) -> 0 | Y10: =IFERROR((#REF!/100) *'master data '!X9 *#REF!,0) -> 0 | Z10: =IFERROR((#REF!/100) *'master data '!V9 *#REF!,0) -> 0 | AA10: =IFERROR((#REF!/100) *'master data '!Y9 *#REF!,0) -> 0 | AB10: =SUM(G10:AA10) -> 3471.5 | AC10: =AB10 /7 -> 495.92857 | AD10: =AC10 - D10 -> 95.928571 | AE10: mcg | AF10: =IFERROR(AC10/D10*100,"N/A") -> 123.98214 | AG10: =AC10 -E10 -> -104.07143 | AH10: mcg | AI10: =AC10 /E10*100 -> 82.654762
A11: B12 | B11: water | C11: mcg | D11: 2.4 | E11: 10 | G11: =IFERROR((inputs!$B$5/100) *'master data '!E10 * inputs!$D$5,0) -> 0 | H11: =IFERROR((inputs!$B$6/100) *'master data '!F10 * inputs!$D$6,0) -> 3.78 | I11: =IFERROR((inputs!$B$7/100) *'master data '!G10 * inputs!$D$7,0) -> 5.6 | J11: =IFERROR((inputs!$G$6/100) *'master data '!H10 * inputs!$I$6,0) -> 0 | K11: =IFERROR((inputs!$G$7/100) *'master data '!I10 * inputs!$I$7,0) -> 0 | L11: =IFERROR((inputs!$G$8/100) *'master data '!J10 * inputs!$I$8,0) -> 0 | M11: =IFERROR((inputs!$G$10/100) *'master data '!K10 * inputs!$I$10,0) -> 4.84 | N11: =IFERROR((inputs!$G$11/100) *'master data '!L10 * inputs!$I$11,0) -> 2.4 | O11: =IFERROR((inputs!$B$15/100) *'master data '!M10 * inputs!$D$15,0) -> 0 | P11: =IFERROR((inputs!$B$9/100) *'master data '!N10 * inputs!$D$9,0) -> 0 | Q11: =IFERROR((inputs!$G$5/100) *'master data '!O10 * inputs!$I$5,0) -> 0 | R11: =IFERROR((inputs!$B$10/100) *'master data '!P10 * inputs!$D$10,0) -> 0 | S11: =IFERROR((inputs!$B$11/100) *'master data '!Q10 * inputs!$D$11,0) -> 0 | T11: =IFERROR((inputs!$B$12/100) *'master data '!R10 * inputs!$D$12,0) -> 0 | U11: =IFERROR((inputs!$B$13/100) *'master data '!S10 * inputs!$D$13,0) -> 0 | V11: =IFERROR((inputs!$B$14/100) *'master data '!T10 * inputs!$D$14,0) -> 0 | W11: =IFERROR((#REF!/100) *'master data '!U10 *#REF!,0) -> 0 | X11: =IFERROR((#REF!/100) *'master data '!W10 *#REF!,0) -> 0 | Y11: =IFERROR((#REF!/100) *'master data '!X10 *#REF!,0) -> 0 | Z11: =IFERROR((#REF!/100) *'master data '!V10 *#REF!,0) -> 0 | AA11: =IFERROR((#REF!/100) *'master data '!Y10 *#REF!,0) -> 0 | AB11: =SUM(G11:AA11) -> 16.62 | AC11: =AB11 /7 -> 2.3742857 | AD11: =AC11 - D11 -> -0.025714286 | AE11: mcg | AF11: =IFERROR(AC11/D11*100,"N/A") -> 98.928571 | AG11: =AC11 -E11 -> -7.6257143 | AH11: mcg | AI11: =AC11 /E11*100 -> 23.742857
A12: C | B12: water | C12: mg | D12: 90 | E12: 500 | G12: =IFERROR((inputs!$B$5/100) *'master data '!E11 * inputs!$D$5,0) -> 12 | H12: =IFERROR((inputs!$B$6/100) *'master data '!F11 * inputs!$D$6,0) -> 10.5 | I12: =IFERROR((inputs!$B$7/100) *'master data '!G11 * inputs!$D$7,0) -> 7 | J12: =IFERROR((inputs!$G$6/100) *'master data '!H11 * inputs!$I$6,0) -> 0 | K12: =IFERROR((inputs!$G$7/100) *'master data '!I11 * inputs!$I$7,0) -> 5.6 | L12: =IFERROR((inputs!$G$8/100) *'master data '!J11 * inputs!$I$8,0) -> 1.12 | M12: =IFERROR((inputs!$G$10/100) *'master data '!K11 * inputs!$I$10,0) -> 0 | N12: =IFERROR((inputs!$G$11/100) *'master data '!L11 * inputs!$I$11,0) -> 0 | O12: =IFERROR((inputs!$B$15/100) *'master data '!M11 * inputs!$D$15,0) -> 0 | P12: =IFERROR((inputs!$B$9/100) *'master data '!N11 * inputs!$D$9,0) -> 7.5 | Q12: =IFERROR((inputs!$G$5/100) *'master data '!O11 * inputs!$I$5,0) -> 0 | R12: =IFERROR((inputs!$B$10/100) *'master data '!P11 * inputs!$D$10,0) -> 2 | S12: =IFERROR((inputs!$B$11/100) *'master data '!Q11 * inputs!$D$11,0) -> 2 | T12: =IFERROR((inputs!$B$12/100) *'master data '!R11 * inputs!$D$12,0) -> 2 | U12: =IFERROR((inputs!$B$13/100) *'master data '!S11 * inputs!$D$13,0) -> 1.5 | V12: =IFERROR((inputs!$B$14/100) *'master data '!T11 * inputs!$D$14,0) -> 2 | W12: =IFERROR((#REF!/100) *'master data '!U11 *#REF!,0) -> 0 | X12: =IFERROR((#REF!/100) *'master data '!W11 *#REF!,0) -> 0 | Y12: =IFERROR((#REF!/100) *'master data '!X11 *#REF!,0) -> 0 | Z12: =IFERROR((#REF!/100) *'master data '!V11 *#REF!,0) -> 0 | AA12: =IFERROR((#REF!/100) *'master data '!Y11 *#REF!,0) -> 0 | AB12: =SUM(G12:AA12) -> 53.22 | AC12: =AB12 /7 -> 7.6028571 | AD12: =AC12 - D12 -> -82.397143 | AE12: mg | AF12: =IFERROR(AC12/D12*100,"N/A") -> 8.447619 | AG12: =AC12 -E12 -> -492.39714 | AH12: mg | AI12: =AC12 /E12*100 -> 1.5205714
A13: D3 | B13: fat | C13: iu | D13: 600 | E13: 2000 | G13: =IFERROR((inputs!$B$5/100) *'master data '!E12 * inputs!$D$5,0) -> 0 | H13: =IFERROR((inputs!$B$6/100) *'master data '!F12 * inputs!$D$6,0) -> 126 | I13: =IFERROR((inputs!$B$7/100) *'master data '!G12 * inputs!$D$7,0) -> 0 | J13: =IFERROR((inputs!$G$6/100) *'master data '!H12 * inputs!$I$6,0) -> 0 | K13: =IFERROR((inputs!$G$7/100) *'master data '!I12 * inputs!$I$7,0) -> 0 | L13: =IFERROR((inputs!$G$8/100) *'master data '!J12 * inputs!$I$8,0) -> 0 | M13: =IFERROR((inputs!$G$10/100) *'master data '!K12 * inputs!$I$10,0) -> 360.8 | N13: =IFERROR((inputs!$G$11/100) *'master data '!L12 * inputs!$I$11,0) -> 0.8 | O13: =IFERROR((inputs!$B$15/100) *'master data '!M12 * inputs!$D$15,0) -> 0 | P13: =IFERROR((inputs!$B$9/100) *'master data '!N12 * inputs!$D$9,0) -> 0 | Q13: =IFERROR((inputs!$G$5/100) *'master data '!O12 * inputs!$I$5,0) -> 0 | R13: =IFERROR((inputs!$B$10/100) *'master data '!P12 * inputs!$D$10,0) -> 0 | S13: =IFERROR((inputs!$B$11/100) *'master data '!Q12 * inputs!$D$11,0) -> 0 | T13: =IFERROR((inputs!$B$12/100) *'master data '!R12 * inputs!$D$12,0) -> 0 | U13: =IFERROR((inputs!$B$13/100) *'master data '!S12 * inputs!$D$13,0) -> 0 | V13: =IFERROR((inputs!$B$14/100) *'master data '!T12 * inputs!$D$14,0) -> 0 | W13: =IFERROR((#REF!/100) *'master data '!U12 *#REF!,0) -> 0 | X13: =IFERROR((#REF!/100) *'master data '!W12 *#REF!,0) -> 0 | Y13: =IFERROR((#REF!/100) *'master data '!X12 *#REF!,0) -> 0 | Z13: =IFERROR((#REF!/100) *'master data '!V12 *#REF!,0) -> 0 | AA13: =IFERROR((#REF!/100) *'master data '!Y12 *#REF!,0) -> 0 | AB13: =SUM(G13:AA13) -> 487.6 | AC13: =AB13 /7 -> 69.657143 | AD13: =AC13 - D13 -> -530.34286 | AE13: iu | AF13: =IFERROR(AC13/D13*100,"N/A") -> 11.609524 | AG13: =AC13 -E13 -> -1930.3429 | AH13: iu | AI13: =AC13 /E13*100 -> 3.4828571
A14: E (alpha-tocopherol) | B14: fat | C14: mg | D14: 15 | E14: 100 | G14: =IFERROR((inputs!$B$5/100) *'master data '!E13 * inputs!$D$5,0) -> 0 | H14: =IFERROR((inputs!$B$6/100) *'master data '!F13 * inputs!$D$6,0) -> 0.735 | I14: =IFERROR((inputs!$B$7/100) *'master data '!G13 * inputs!$D$7,0) -> 0.14 | J14: =IFERROR((inputs!$G$6/100) *'master data '!H13 * inputs!$I$6,0) -> 0.84 | K14: =IFERROR((inputs!$G$7/100) *'master data '!I13 * inputs!$I$7,0) -> 1.75 | L14: =IFERROR((inputs!$G$8/100) *'master data '!J13 * inputs!$I$8,0) -> 0.21 | M14: =IFERROR((inputs!$G$10/100) *'master data '!K13 * inputs!$I$10,0) -> 8.8 | N14: =IFERROR((inputs!$G$11/100) *'master data '!L13 * inputs!$I$11,0) -> 2.4 | O14: =IFERROR((inputs!$B$15/100) *'master data '!M13 * inputs!$D$15,0) -> 2.25 | P14: =IFERROR((inputs!$B$9/100) *'master data '!N13 * inputs!$D$9,0) -> 1.5 | Q14: =IFERROR((inputs!$G$5/100) *'master data '!O13 * inputs!$I$5,0) -> 0 | R14: =IFERROR((inputs!$B$10/100) *'master data '!P13 * inputs!$D$10,0) -> 0.3 | S14: =IFERROR((inputs!$B$11/100) *'master data '!Q13 * inputs!$D$11,0) -> 0.35 | T14: =IFERROR((inputs!$B$12/100) *'master data '!R13 * inputs!$D$12,0) -> 0.25 | U14: =IFERROR((inputs!$B$13/100) *'master data '!S13 * inputs!$D$13,0) -> 0.3 | V14: =IFERROR((inputs!$B$14/100) *'master data '!T13 * inputs!$D$14,0) -> 0.25 | W14: =IFERROR((#REF!/100) *'master data '!U13 *#REF!,0) -> 0 | X14: =IFERROR((#REF!/100) *'master data '!W13 *#REF!,0) -> 0 | Y14: =IFERROR((#REF!/100) *'master data '!X13 *#REF!,0) -> 0 | Z14: =IFERROR((#REF!/100) *'master data '!V13 *#REF!,0) -> 0 | AA14: =IFERROR((#REF!/100) *'master data '!Y13 *#REF!,0) -> 0 | AB14: =SUM(G14:AA14) -> 20.075 | AC14: =AB14 /7 -> 2.8678571 | AD14: =AC14 - D14 -> -12.132143 | AE14: mg | AF14: =IFERROR(AC14/D14*100,"N/A") -> 19.119048 | AG14: =AC14 -E14 -> -97.132143 | AH14: mg | AI14: =AC14 /E14*100 -> 2.8678571
... A16: K2 | B16: fat | C16: mcg | D16: 90 | E16: 150 | G16: =IFERROR((inputs!$B$5/100) *'master data '!E15 * inputs!$D$5,0) -> 0 | H16: =IFERROR((inputs!$B$6/100) *'master data '!F15 * inputs!$D$6,0) -> 10.5 | I16: =IFERROR((inputs!$B$7/100) *'master data '!G15 * inputs!$D$7,0) -> 0 | J16: =IFERROR((inputs!$G$6/100) *'master data '!H15 * inputs!$I$6,0) -> 0 | K16: =IFERROR((inputs!$G$7/100) *'master data '!I15 * inputs!$I$7,0) -> 0 | L16: =IFERROR((inputs!$G$8/100) *'master data '!J15 * inputs!$I$8,0) -> 0 | M16: =IFERROR((inputs!$G$10/100) *'master data '!K15 * inputs!$I$10,0) -> 1.32 | N16: =IFERROR((inputs!$G$11/100) *'master data '!L15 * inputs!$I$11,0) -> 0 | O16: =IFERROR((inputs!$B$15/100) *'master data '!M15 * inputs!$D$15,0) -> 0 | P16: =IFERROR((inputs!$B$9/100) *'master data '!N15 * inputs!$D$9,0) -> 0 | Q16: =IFERROR((inputs!$G$5/100) *'master data '!O15 * inputs!$I$5,0) -> 0 | R16: =IFERROR((inputs!$B$10/100) *'master data '!P15 * inputs!$D$10,0) -> 0 | S16: =IFERROR((inputs!$B$11/100) *'master data '!Q15 * inputs!$D$11,0) -> 0 | T16: =IFERROR((inputs!$B$12/100) *'master data '!R15 * inputs!$D$12,0) -> 0 | U16: =IFERROR((inputs!$B$13/100) *'master data '!S15 * inputs!$D$13,0) -> 0 | V16: =IFERROR((inputs!$B$14/100) *'master data '!T15 * inputs!$D$14,0) -> 0 | W16: =IFERROR((#REF!/100) *'master data '!U15 *#REF!,0) -> 0 | X16: =IFERROR((#REF!/100) *'master data '!W15 *#REF!,0) -> 0 | Y16: =IFERROR((#REF!/100) *'master data '!X15 *#REF!,0) -> 0 | Z16: =IFERROR((#REF!/100) *'master data '!V15 *#REF!,0) -> 0 | AA16: =IFERROR((#REF!/100) *'master data '!Y15 *#REF!,0) -> 0 | AB16: =SUM(G16:AA16) -> 11.82 | AC16: =AB16 /7 -> 1.6885714 | AD16: =AC16 - D16 -> -88.311429 | AE16: mcg | AF16: =IFERROR(AC16/D16*100,"N/A") -> 1.8761905 | AG16: =AC16 -E16 -> -148.31143 | AH16: mcg | AI16: =AC16 /E16*100 -> 1.1257143
A18: calcium | B18: fat | C18: mg | D18: 1000 | E18: 1200 | G18: =IFERROR((inputs!$B$5/100) *'master data '!E17 * inputs!$D$5,0) -> 380 | H18: =IFERROR((inputs!$B$6/100) *'master data '!F17 * inputs!$D$6,0) -> 1260 | I18: =IFERROR((inputs!$B$7/100) *'master data '!G17 * inputs!$D$7,0) -> 1680 | J18: =IFERROR((inputs!$G$6/100) *'master data '!H17 * inputs!$I$6,0) -> 113.4 | K18: =IFERROR((inputs!$G$7/100) *'master data '!I17 * inputs!$I$7,0) -> 2208.5 | L18: =IFERROR((inputs!$G$8/100) *'master data '!J17 * inputs!$I$8,0) -> 178.5 | M18: =IFERROR((inputs!$G$10/100) *'master data '!K17 * inputs!$I$10,0) -> 246.4 | N18: =IFERROR((inputs!$G$11/100) *'master data '!L17 * inputs!$I$11,0) -> 88 | O18: =IFERROR((inputs!$B$15/100) *'master data '!M17 * inputs!$D$15,0) -> 875 | P18: =IFERROR((inputs!$B$9/100) *'master data '!N17 * inputs!$D$9,0) -> 475 | Q18: =IFERROR((inputs!$G$5/100) *'master data '!O17 * inputs!$I$5,0) -> 49 | R18: =IFERROR((inputs!$B$10/100) *'master data '!P17 * inputs!$D$10,0) -> 37.5 | S18: =IFERROR((inputs!$B$11/100) *'master data '!Q17 * inputs!$D$11,0) -> 62 | T18: =IFERROR((inputs!$B$12/100) *'master data '!R17 * inputs!$D$12,0) -> 34 | U18: =IFERROR((inputs!$B$13/100) *'master data '!S17 * inputs!$D$13,0) -> 41.5 | V18: =IFERROR((inputs!$B$14/100) *'master data '!T17 * inputs!$D$14,0) -> 28 | W18: =IFERROR((#REF!/100) *'master data '!U17 *#REF!,0) -> 0 | X18: =IFERROR((#REF!/100) *'master data '!W17 *#REF!,0) -> 0 | Y18: =IFERROR((#REF!/100) *'master data '!X17 *#REF!,0) -> 0 | Z18: =IFERROR((#REF!/100) *'master data '!V17 *#REF!,0) -> 0 | AA18: =IFERROR((#REF!/100) *'master data '!Y17 *#REF!,0) -> 0 | AB18: =SUM(G18:AA18) -> 7756.8 | AC18: =AB18 / 7 -> 1108.1143 | AD18: =AC18 -D18 -> 108.11429 | AE18: mg | AF18: =IFERROR(AC18/D18*100,"N/A") -> 110.81143 | AG18: =AC18 -E18 -> -91.885714 | AH18: mg | AI18: =AC18 /E18*100 -> 92.342857
A19: magnesium | B19: fat | C19: mg | D19: 400 | E19: 500 | G19: =IFERROR((inputs!$B$5/100) *'master data '!E18 * inputs!$D$5,0) -> 102 | H19: =IFERROR((inputs!$B$6/100) *'master data '!F18 * inputs!$D$6,0) -> 105 | I19: =IFERROR((inputs!$B$7/100) *'master data '!G18 * inputs!$D$7,0) -> 140 | J19: =IFERROR((inputs!$G$6/100) *'master data '!H18 * inputs!$I$6,0) -> 371.7 | K19: =IFERROR((inputs!$G$7/100) *'master data '!I18 * inputs!$I$7,0) -> 1172.5 | L19: =IFERROR((inputs!$G$8/100) *'master data '!J18 * inputs!$I$8,0) -> 274.4 | M19: =IFERROR((inputs!$G$10/100) *'master data '!K18 * inputs!$I$10,0) -> 48.4 | N19: =IFERROR((inputs!$G$11/100) *'master data '!L18 * inputs!$I$11,0) -> 232 | O19: =IFERROR((inputs!$B$15/100) *'master data '!M18 * inputs!$D$15,0) -> 700 | P19: =IFERROR((inputs!$B$9/100) *'master data '!N18 * inputs!$D$9,0) -> 400 | Q19: =IFERROR((inputs!$G$5/100) *'master data '!O18 * inputs!$I$5,0) -> 122.5 | R19: =IFERROR((inputs!$B$10/100) *'master data '!P18 * inputs!$D$10,0) -> 67.5 | S19: =IFERROR((inputs!$B$11/100) *'master data '!Q18 * inputs!$D$11,0) -> 69 | T19: =IFERROR((inputs!$B$12/100) *'master data '!R18 * inputs!$D$12,0) -> 61 | U19: =IFERROR((inputs!$B$13/100) *'master data '!S18 * inputs!$D$13,0) -> 70 | V19: =IFERROR((inputs!$B$14/100) *'master data '!T18 * inputs!$D$14,0) -> 60 | W19: =IFERROR((#REF!/100) *'master data '!U18 *#REF!,0) -> 0 | X19: =IFERROR((#REF!/100) *'master data '!W18 *#REF!,0) -> 0 | Y19: =IFERROR((#REF!/100) *'master data '!X18 *#REF!,0) -> 0 | Z19: =IFERROR((#REF!/100) *'master data '!V18 *#REF!,0) -> 0 | AA19: =IFERROR((#REF!/100) *'master data '!Y18 *#REF!,0) -> 0 | AB19: =SUM(G19:AA19) -> 3996 | AC19: =AB19 / 7 -> 570.85714 | AD19: =AC19 -D19 -> 170.85714 | AE19: mg | AF19: =IFERROR(AC19/D19*100,"N/A") -> 142.71429 | AG19: =AC19 -E19 -> 70.857143 | AH19: mg | AI19: =AC19 /E19*100 -> 114.17143
A20: phosphorous | B20: fat | C20: mg | D20: 700 | E20: 1000 | G20: =IFERROR((inputs!$B$5/100) *'master data '!E19 * inputs!$D$5,0) -> 246 | H20: =IFERROR((inputs!$B$6/100) *'master data '!F19 * inputs!$D$6,0) -> 945 | I20: =IFERROR((inputs!$B$7/100) *'master data '!G19 * inputs!$D$7,0) -> 1400 | J20: =IFERROR((inputs!$G$6/100) *'master data '!H19 * inputs!$I$6,0) -> 1098.3 | K20: =IFERROR((inputs!$G$7/100) *'master data '!I19 * inputs!$I$7,0) -> 3010 | L20: =IFERROR((inputs!$G$8/100) *'master data '!J19 * inputs!$I$8,0) -> 449.4 | M20: =IFERROR((inputs!$G$10/100) *'master data '!K19 * inputs!$I$10,0) -> 871.2 | N20: =IFERROR((inputs!$G$11/100) *'master data '!L19 * inputs!$I$11,0) -> 1680 | O20: =IFERROR((inputs!$B$15/100) *'master data '!M19 * inputs!$D$15,0) -> 1625 | P20: =IFERROR((inputs!$B$9/100) *'master data '!N19 * inputs!$D$9,0) -> 750 | Q20: =IFERROR((inputs!$G$5/100) *'master data '!O19 * inputs!$I$5,0) -> 563.5 | R20: =IFERROR((inputs!$B$10/100) *'master data '!P19 * inputs!$D$10,0) -> 202.5 | S20: =IFERROR((inputs!$B$11/100) *'master data '!Q19 * inputs!$D$11,0) -> 215 | T20: =IFERROR((inputs!$B$12/100) *'master data '!R19 * inputs!$D$12,0) -> 195 | U20: =IFERROR((inputs!$B$13/100) *'master data '!S19 * inputs!$D$13,0) -> 205 | V20: =IFERROR((inputs!$B$14/100) *'master data '!T19 * inputs!$D$14,0) -> 180 | W20: =IFERROR((#REF!/100) *'master data '!U19 *#REF!,0) -> 0 | X20: =IFERROR((#REF!/100) *'master data '!W19 *#REF!,0) -> 0 | Y20: =IFERROR((#REF!/100) *'master data '!X19 *#REF!,0) -> 0 | Z20: =IFERROR((#REF!/100) *'master data '!V19 *#REF!,0) -> 0 | AA20: =IFERROR((#REF!/100) *'master data '!Y19 *#REF!,0) -> 0 | AB20: =SUM(G20:AA20) -> 13635.9 | AC20: =AB20 / 7 -> 1947.9857 | AD20: =AC20 -D20 -> 1247.9857 | AE20: mg | AF20: =IFERROR(AC20/D20*100,"N/A") -> 278.28367 | AG20: =AC20 -E20 -> 947.98571 | AH20: mg | AI20: =AC20 /E20*100 -> 194.79857
A21: potassium | B21: water | C21: mg | D21: 3400 | E21: 4000 | G21: =IFERROR((inputs!$B$5/100) *'master data '!E20 * inputs!$D$5,0) -> 90 | H21: =IFERROR((inputs!$B$6/100) *'master data '!F20 * inputs!$D$6,0) -> 1575 | I21: =IFERROR((inputs!$B$7/100) *'master data '!G20 * inputs!$D$7,0) -> 2240 | J21: =IFERROR((inputs!$G$6/100) *'master data '!H20 * inputs!$I$6,0) -> 900.9 | K21: =IFERROR((inputs!$G$7/100) *'master data '!I20 * inputs!$I$7,0) -> 1424.5 | L21: =IFERROR((inputs!$G$8/100) *'master data '!J20 * inputs!$I$8,0) -> 569.1 | M21: =IFERROR((inputs!$G$10/100) *'master data '!K20 * inputs!$I$10,0) -> 607.2 | N21: =IFERROR((inputs!$G$11/100) *'master data '!L20 * inputs!$I$11,0) -> 2048 | O21: =IFERROR((inputs!$B$15/100) *'master data '!M20 * inputs!$D$15,0) -> 4250 | P21: =IFERROR((inputs!$B$9/100) *'master data '!N20 * inputs!$D$9,0) -> 2187.5 | Q21: =IFERROR((inputs!$G$5/100) *'master data '!O20 * inputs!$I$5,0) -> 563.5 | R21: =IFERROR((inputs!$B$10/100) *'master data '!P20 * inputs!$D$10,0) -> 575 | S21: =IFERROR((inputs!$B$11/100) *'master data '!Q20 * inputs!$D$11,0) -> 622.5 | T21: =IFERROR((inputs!$B$12/100) *'master data '!R20 * inputs!$D$12,0) -> 490 | U21: =IFERROR((inputs!$B$13/100) *'master data '!S20 * inputs!$D$13,0) -> 675 | V21: =IFERROR((inputs!$B$14/100) *'master data '!T20 * inputs!$D$14,0) -> 437.5 | W21: =IFERROR((#REF!/100) *'master data '!U20 *#REF!,0) -> 0 | X21: =IFERROR((#REF!/100) *'master data '!W20 *#REF!,0) -> 0 | Y21: =IFERROR((#REF!/100) *'master data '!X20 *#REF!,0) -> 0 | Z21: =IFERROR((#REF!/100) *'master data '!V20 *#REF!,0) -> 0 | AA21: =IFERROR((#REF!/100) *'master data '!Y20 *#REF!,0) -> 0 | AB21: =SUM(G21:AA21) -> 19255.7 | AC21: =AB21 / 7 -> 2750.8143 | AD21: =AC21 -D21 -> -649.18571 | AE21: mg | AF21: =IFERROR(AC21/D21*100,"N/A") -> 80.906303 | AG21: =AC21 -E21 -> -1249.1857 | AH21: mg | AI21: =AC21 /E21*100 -> 68.770357
A22: sodium | B22: water | C22: mg | D22: 1500 | E22: 2000 | G22: =IFERROR((inputs!$B$5/100) *'master data '!E21 * inputs!$D$5,0) -> 25 | H22: =IFERROR((inputs!$B$6/100) *'master data '!F21 * inputs!$D$6,0) -> 462 | I22: =IFERROR((inputs!$B$7/100) *'master data '!G21 * inputs!$D$7,0) -> 700 | J22: =IFERROR((inputs!$G$6/100) *'master data '!H21 * inputs!$I$6,0) -> 4.2 | K22: =IFERROR((inputs!$G$7/100) *'master data '!I21 * inputs!$I$7,0) -> 56 | L22: =IFERROR((inputs!$G$8/100) *'master data '!J21 * inputs!$I$8,0) -> 21 | M22: =IFERROR((inputs!$G$10/100) *'master data '!K21 * inputs!$I$10,0) -> 624.8 | N22: =IFERROR((inputs!$G$11/100) *'master data '!L21 * inputs!$I$11,0) -> 560 | O22: =IFERROR((inputs!$B$15/100) *'master data '!M21 * inputs!$D$15,0) -> 5 | P22: =IFERROR((inputs!$B$9/100) *'master data '!N21 * inputs!$D$9,0) -> 50 | Q22: =IFERROR((inputs!$G$5/100) *'master data '!O21 * inputs!$I$5,0) -> 9.8 | R22: =IFERROR((inputs!$B$10/100) *'master data '!P21 * inputs!$D$10,0) -> 6 | S22: =IFERROR((inputs!$B$11/100) *'master data '!Q21 * inputs!$D$11,0) -> 7.5 | T22: =IFERROR((inputs!$B$12/100) *'master data '!R21 * inputs!$D$12,0) -> 5 | U22: =IFERROR((inputs!$B$13/100) *'master data '!S21 * inputs!$D$13,0) -> 6 | V22: =IFERROR((inputs!$B$14/100) *'master data '!T21 * inputs!$D$14,0) -> 5 | W22: =IFERROR((#REF!/100) *'master data '!U21 *#REF!,0) -> 0 | X22: =IFERROR((#REF!/100) *'master data '!W21 *#REF!,0) -> 0 | Y22: =IFERROR((#REF!/100) *'master data '!X21 *#REF!,0) -> 0 | Z22: =IFERROR((#REF!/100) *'master data '!V21 *#REF!,0) -> 0 | AA22: =IFERROR((#REF!/100) *'master data '!Y21 *#REF!,0) -> 0 | AB22: =SUM(G22:AA22) -> 2547.3 | AC22: =AB22 / 7 -> 363.9 | AD22: =AC22 -D22 -> -1136.1 | AE22: mg | AF22: =IFERROR(AC22/D22*100,"N/A") -> 24.26 | AG22: =AC22 -E22 -> -1636.1 | AH22: mg | AI22: =AC22 /E22*100 -> 18.195
A24: iron | B24: fat | C24: mg | D24: 8 | E24: 15 | G24: =IFERROR((inputs!$B$5/100) *'master data '!E23 * inputs!$D$5,0) -> 0.3 | H24: =IFERROR((inputs!$B$6/100) *'master data '!F23 * inputs!$D$6,0) -> 1.05 | I24: =IFERROR((inputs!$B$7/100) *'master data '!G23 * inputs!$D$7,0) -> 0.42 | J24: =IFERROR((inputs!$G$6/100) *'master data '!H23 * inputs!$I$6,0) -> 9.87 | K24: =IFERROR((inputs!$G$7/100) *'master data '!I23 * inputs!$I$7,0) -> 26.95 | L24: =IFERROR((inputs!$G$8/100) *'master data '!J23 * inputs!$I$8,0) -> 3.99 | M24: =IFERROR((inputs!$G$10/100) *'master data '!K23 * inputs!$I$10,0) -> 7.92 | N24: =IFERROR((inputs!$G$11/100) *'master data '!L23 * inputs!$I$11,0) -> 5.6 | O24: =IFERROR((inputs!$B$15/100) *'master data '!M23 * inputs!$D$15,0) -> 39.25 | P24: =IFERROR((inputs!$B$9/100) *'master data '!N23 * inputs!$D$9,0) -> 17.5 | Q24: =IFERROR((inputs!$G$5/100) *'master data '!O23 * inputs!$I$5,0) -> 4.9 | R24: =IFERROR((inputs!$B$10/100) *'master data '!P23 * inputs!$D$10,0) -> 3.45 | S24: =IFERROR((inputs!$B$11/100) *'master data '!Q23 * inputs!$D$11,0) -> 3.6 | T24: =IFERROR((inputs!$B$12/100) *'master data '!R23 * inputs!$D$12,0) -> 3.75 | U24: =IFERROR((inputs!$B$13/100) *'master data '!S23 * inputs!$D$13,0) -> 4.1 | V24: =IFERROR((inputs!$B$14/100) *'master data '!T23 * inputs!$D$14,0) -> 3.1 | W24: =IFERROR((#REF!/100) *'master data '!U23 *#REF!,0) -> 0 | X24: =IFERROR((#REF!/100) *'master data '!W23 *#REF!,0) -> 0 | Y24: =IFERROR((#REF!/100) *'master data '!X23 *#REF!,0) -> 0 | Z24: =IFERROR((#REF!/100) *'master data '!V23 *#REF!,0) -> 0 | AA24: =IFERROR((#REF!/100) *'master data '!Y23 *#REF!,0) -> 0 | AB24: =SUM(G24:AA24) -> 135.75 | AC24: =AB24 / 7 -> 19.392857 | AD24: =AC24 -D24 -> 11.392857 | AE24: mg | AF24: =IFERROR(AC24/D24*100,"N/A") -> 242.41071 | AG24: =AC24 -E24 -> 4.3928571 | AH24: mg | AI24: =AC24 /E24*100 -> 129.28571
A25: zinc | B25: water | C25: mg | D25: 11 | E25: 15 | G25: =IFERROR((inputs!$B$5/100) *'master data '!E24 * inputs!$D$5,0) -> 3.6 | H25: =IFERROR((inputs!$B$6/100) *'master data '!F24 * inputs!$D$6,0) -> 4.2 | I25: =IFERROR((inputs!$B$7/100) *'master data '!G24 * inputs!$D$7,0) -> 4.9 | J25: =IFERROR((inputs!$G$6/100) *'master data '!H24 * inputs!$I$6,0) -> 7.35 | K25: =IFERROR((inputs!$G$7/100) *'master data '!I24 * inputs!$I$7,0) -> 16.1 | L25: =IFERROR((inputs!$G$8/100) *'master data '!J24 * inputs!$I$8,0) -> 3.01 | M25: =IFERROR((inputs!$G$10/100) *'master data '!K24 * inputs!$I$10,0) -> 5.72 | N25: =IFERROR((inputs!$G$11/100) *'master data '!L24 * inputs!$I$11,0) -> 8 | O25: =IFERROR((inputs!$B$15/100) *'master data '!M24 * inputs!$D$15,0) -> 12.25 | P25: =IFERROR((inputs!$B$9/100) *'master data '!N24 * inputs!$D$9,0) -> 7.75 | Q25: =IFERROR((inputs!$G$5/100) *'master data '!O24 * inputs!$I$5,0) -> 5.88 | R25: =IFERROR((inputs!$B$10/100) *'master data '!P24 * inputs!$D$10,0) -> 1.35 | S25: =IFERROR((inputs!$B$11/100) *'master data '!Q24 * inputs!$D$11,0) -> 1.45 | T25: =IFERROR((inputs!$B$12/100) *'master data '!R24 * inputs!$D$12,0) -> 1.25 | U25: =IFERROR((inputs!$B$13/100) *'master data '!S24 * inputs!$D$13,0) -> 1.4 | V25: =IFERROR((inputs!$B$14/100) *'master data '!T24 * inputs!$D$14,0) -> 1.3 | W25: =IFERROR((#REF!/100) *'master data '!U24 *#REF!,0) -> 0 | X25: =IFERROR((#REF!/100) *'master data '!W24 *#REF!,0) -> 0 | Y25: =IFERROR((#REF!/100) *'master data '!X24 *#REF!,0) -> 0 | Z25: =IFERROR((#REF!/100) *'master data '!V24 *#REF!,0) -> 0 | AA25: =IFERROR((#REF!/100) *'master data '!Y24 *#REF!,0) -> 0 | AB25: =SUM(G25:AA25) -> 85.51 | AC25: =AB25 / 7 -> 12.215714 | AD25: =AC25 -D25 -> 1.2157143 | AE25: mg | AF25: =IFERROR(AC25/D25*100,"N/A") -> 111.05195 | AG25: =AC25 -E25 -> -2.7842857 | AH25: mg | AI25: =AC25 /E25*100 -> 81.438095
A26: copper | B26: fat | C26: mcg | D26: 900 | E26: 1500 | G26: =IFERROR((inputs!$B$5/100) *'master data '!E25 * inputs!$D$5,0) -> 1.5 | H26: =IFERROR((inputs!$B$6/100) *'master data '!F25 * inputs!$D$6,0) -> 126 | I26: =IFERROR((inputs!$B$7/100) *'master data '!G25 * inputs!$D$7,0) -> 0.07 | J26: =IFERROR((inputs!$G$6/100) *'master data '!H25 * inputs!$I$6,0) -> 840 | K26: =IFERROR((inputs!$G$7/100) *'master data '!I25 * inputs!$I$7,0) -> 3220 | L26: =IFERROR((inputs!$G$8/100) *'master data '!J25 * inputs!$I$8,0) -> 854 | M26: =IFERROR((inputs!$G$10/100) *'master data '!K25 * inputs!$I$10,0) -> 316.8 | N26: =IFERROR((inputs!$G$11/100) *'master data '!L25 * inputs!$I$11,0) -> 320 | O26: =IFERROR((inputs!$B$15/100) *'master data '!M25 * inputs!$D$15,0) -> 3750 | P26: =IFERROR((inputs!$B$9/100) *'master data '!N25 * inputs!$D$9,0) -> 1600 | Q26: =IFERROR((inputs!$G$5/100) *'master data '!O25 * inputs!$I$5,0) -> 0.735 | R26: =IFERROR((inputs!$B$10/100) *'master data '!P25 * inputs!$D$10,0) -> 0.425 | S26: =IFERROR((inputs!$B$11/100) *'master data '!Q25 * inputs!$D$11,0) -> 0.475 | T26: =IFERROR((inputs!$B$12/100) *'master data '!R25 * inputs!$D$12,0) -> 0.375 | U26: =IFERROR((inputs!$B$13/100) *'master data '!S25 * inputs!$D$13,0) -> 0.45 | V26: =IFERROR((inputs!$B$14/100) *'master data '!T25 * inputs!$D$14,0) -> 0.35 | W26: =IFERROR((#REF!/100) *'master data '!U25 *#REF!,0) -> 0 | X26: =IFERROR((#REF!/100) *'master data '!W25 *#REF!,0) -> 0 | Y26: =IFERROR((#REF!/100) *'master data '!X25 *#REF!,0) -> 0 | Z26: =IFERROR((#REF!/100) *'master data '!V25 *#REF!,0) -> 0 | AA26: =IFERROR((#REF!/100) *'master data '!Y25 *#REF!,0) -> 0 | AB26: =SUM(G26:AA26) -> 11031.18 | AC26: =AB26 / 7 -> 1575.8829 | AD26: =AC26 -D26 -> 675.88286 | AE26: mcg | AF26: =IFERROR(AC26/D26*100,"N/A") -> 175.0981 | AG26: =AC26 -E26 -> 75.882857 | AH26: mcg | AI26: =AC26 /E26*100 -> 105.05886
A27: iodine | B27: fat | C27: mcg | D27: 150 | E27: 200 | G27: =IFERROR((inputs!$B$5/100) *'master data '!E26 * inputs!$D$5,0) -> 45 | H27: =IFERROR((inputs!$B$6/100) *'master data '!F26 * inputs!$D$6,0) -> 210 | I27: =IFERROR((inputs!$B$7/100) *'master data '!G26 * inputs!$D$7,0) -> 280 | J27: =IFERROR((inputs!$G$6/100) *'master data '!H26 * inputs!$I$6,0) -> 10.5 | K27: =IFERROR((inputs!$G$7/100) *'master data '!I26 * inputs!$I$7,0) -> 0 | L27: =IFERROR((inputs!$G$8/100) *'master data '!J26 * inputs!$I$8,0) -> 0 | M27: =IFERROR((inputs!$G$10/100) *'master data '!K26 * inputs!$I$10,0) -> 220 | N27: =IFERROR((inputs!$G$11/100) *'master data '!L26 * inputs!$I$11,0) -> 56 | O27: =IFERROR((inputs!$B$15/100) *'master data '!M26 * inputs!$D$15,0) -> 7.5 | P27: =IFERROR((inputs!$B$9/100) *'master data '!N26 * inputs!$D$9,0) -> 12.5 | Q27: =IFERROR((inputs!$G$5/100) *'master data '!O26 * inputs!$I$5,0) -> 0 | R27: =IFERROR((inputs!$B$10/100) *'master data '!P26 * inputs!$D$10,0) -> 1.5 | S27: =IFERROR((inputs!$B$11/100) *'master data '!Q26 * inputs!$D$11,0) -> 1.5 | T27: =IFERROR((inputs!$B$12/100) *'master data '!R26 * inputs!$D$12,0) -> 1.5 | U27: =IFERROR((inputs!$B$13/100) *'master data '!S26 * inputs!$D$13,0) -> 2 | V27: =IFERROR((inputs!$B$14/100) *'master data '!T26 * inputs!$D$14,0) -> 1.5 | W27: =IFERROR((#REF!/100) *'master data '!U26 *#REF!,0) -> 0 | X27: =IFERROR((#REF!/100) *'master data '!W26 *#REF!,0) -> 0 | Y27: =IFERROR((#REF!/100) *'master data '!X26 *#REF!,0) -> 0 | Z27: =IFERROR((#REF!/100) *'master data '!V26 *#REF!,0) -> 0 | AA27: =IFERROR((#REF!/100) *'master data '!Y26 *#REF!,0) -> 0 | AB27: =SUM(G27:AA27) -> 849.5 | AC27: =AB27 / 7 -> 121.35714 | AD27: =AC27 -D27 -> -28.642857 | AE27: mcg | AF27: =IFERROR(AC27/D27*100,"N/A") -> 80.904762 | AG27: =AC27 -E27 -> -78.642857 | AH27: mcg | AI27: =AC27 /E27*100 -> 60.678571
A28: selenium | B28: water | C28: mcg | D28: 55 | E28: 150 | G28: =IFERROR((inputs!$B$5/100) *'master data '!E27 * inputs!$D$5,0) -> 12 | H28: =IFERROR((inputs!$B$6/100) *'master data '!F27 * inputs!$D$6,0) -> 21 | I28: =IFERROR((inputs!$B$7/100) *'master data '!G27 * inputs!$D$7,0) -> 42 | J28: =IFERROR((inputs!$G$6/100) *'master data '!H27 * inputs!$I$6,0) -> 71.4 | K28: =IFERROR((inputs!$G$7/100) *'master data '!I27 * inputs!$I$7,0) -> 196 | L28: =IFERROR((inputs!$G$8/100) *'master data '!J27 * inputs!$I$8,0) -> 17.5 | M28: =IFERROR((inputs!$G$10/100) *'master data '!K27 * inputs!$I$10,0) -> 132 | N28: =IFERROR((inputs!$G$11/100) *'master data '!L27 * inputs!$I$11,0) -> 216 | O28: =IFERROR((inputs!$B$15/100) *'master data '!M27 * inputs!$D$15,0) -> 42.5 | P28: =IFERROR((inputs!$B$9/100) *'master data '!N27 * inputs!$D$9,0) -> 20 | Q28: =IFERROR((inputs!$G$5/100) *'master data '!O27 * inputs!$I$5,0) -> 34.3 | R28: =IFERROR((inputs!$B$10/100) *'master data '!P27 * inputs!$D$10,0) -> 3 | S28: =IFERROR((inputs!$B$11/100) *'master data '!Q27 * inputs!$D$11,0) -> 3.5 | T28: =IFERROR((inputs!$B$12/100) *'master data '!R27 * inputs!$D$12,0) -> 2.5 | U28: =IFERROR((inputs!$B$13/100) *'master data '!S27 * inputs!$D$13,0) -> 4 | V28: =IFERROR((inputs!$B$14/100) *'master data '!T27 * inputs!$D$14,0) -> 3 | W28: =IFERROR((#REF!/100) *'master data '!U27 *#REF!,0) -> 0 | X28: =IFERROR((#REF!/100) *'master data '!W27 *#REF!,0) -> 0 | Y28: =IFERROR((#REF!/100) *'master data '!X27 *#REF!,0) -> 0 | Z28: =IFERROR((#REF!/100) *'master data '!V27 *#REF!,0) -> 0 | AA28: =IFERROR((#REF!/100) *'master data '!Y27 *#REF!,0) -> 0 | AB28: =SUM(G28:AA28) -> 820.7 | AC28: =AB28 / 7 -> 117.24286 | AD28: =AC28 -D28 -> 62.242857 | AE28: mcg | AF28: =IFERROR(AC28/D28*100,"N/A") -> 213.16883 | AG28: =AC28 -E28 -> -32.757143 | AH28: mcg | AI28: =AC28 /E28*100 -> 78.161905
A29: chromium | B29: water | C29: mcg | D29: 35 | E29: 100 | G29: =IFERROR((inputs!$B$5/100) *'master data '!E28 * inputs!$D$5,0) -> 6.9 | H29: =IFERROR((inputs!$B$6/100) *'master data '!F28 * inputs!$D$6,0) -> 10.5 | I29: =IFERROR((inputs!$B$7/100) *'master data '!G28 * inputs!$D$7,0) -> 4.2 | J29: =IFERROR((inputs!$G$6/100) *'master data '!H28 * inputs!$I$6,0) -> 4.2 | K29: =IFERROR((inputs!$G$7/100) *'master data '!I28 * inputs!$I$7,0) -> 0.7 | L29: =IFERROR((inputs!$G$8/100) *'master data '!J28 * inputs!$I$8,0) -> 0.14 | M29: =IFERROR((inputs!$G$10/100) *'master data '!K28 * inputs!$I$10,0) -> 0.44 | N29: =IFERROR((inputs!$G$11/100) *'master data '!L28 * inputs!$I$11,0) -> 16 | O29: =IFERROR((inputs!$B$15/100) *'master data '!M28 * inputs!$D$15,0) -> 6.25 | P29: =IFERROR((inputs!$B$9/100) *'master data '!N28 * inputs!$D$9,0) -> 5 | Q29: =IFERROR((inputs!$G$5/100) *'master data '!O28 * inputs!$I$5,0) -> 9.8 | R29: =IFERROR((inputs!$B$10/100) *'master data '!P28 * inputs!$D$10,0) -> 6 | S29: =IFERROR((inputs!$B$11/100) *'master data '!Q28 * inputs!$D$11,0) -> 6.5 | T29: =IFERROR((inputs!$B$12/100) *'master data '!R28 * inputs!$D$12,0) -> 5.5 | U29: =IFERROR((inputs!$B$13/100) *'master data '!S28 * inputs!$D$13,0) -> 7 | V29: =IFERROR((inputs!$B$14/100) *'master data '!T28 * inputs!$D$14,0) -> 5 | W29: =IFERROR((#REF!/100) *'master data '!U28 *#REF!,0) -> 0 | X29: =IFERROR((#REF!/100) *'master data '!W28 *#REF!,0) -> 0 | Y29: =IFERROR((#REF!/100) *'master data '!X28 *#REF!,0) -> 0 | Z29: =IFERROR((#REF!/100) *#REF! *#REF!,0) -> 0 | AA29: =IFERROR((#REF!/100) *'master data '!Y28 *#REF!,0) -> 0 | AB29: =SUM(G29:AA29) -> 94.13 | AC29: =AB29 / 7 -> 13.447143 | AD29: =AC29 -D29 -> -21.552857 | AE29: mcg | AF29: =IFERROR(AC29/D29*100,"N/A") -> 38.420408 | AG29: =AC29 -E29 -> -86.552857 | AH29: mcg | AI29: =AC29 /E29*100 -> 13.447143
A30: manganese | B30: water | C30: mg | D30: 2 | E30: 4 | G30: =IFERROR((inputs!$B$5/100) *'master data '!E29 * inputs!$D$5,0) -> 1.2 | H30: =IFERROR((inputs!$B$6/100) *'master data '!F29 * inputs!$D$6,0) -> 0.21 | I30: =IFERROR((inputs!$B$7/100) *'master data '!G29 * inputs!$D$7,0) -> 0.14 | J30: =IFERROR((inputs!$G$6/100) *'master data '!H29 * inputs!$I$6,0) -> 7.56 | K30: =IFERROR((inputs!$G$7/100) *'master data '!I29 * inputs!$I$7,0) -> 9.45 | L30: =IFERROR((inputs!$G$8/100) *'master data '!J29 * inputs!$I$8,0) -> 1.75 | M30: =IFERROR((inputs!$G$10/100) *'master data '!K29 * inputs!$I$10,0) -> 0 | N30: =IFERROR((inputs!$G$11/100) *'master data '!L29 * inputs!$I$11,0) -> 0.16 | O30: =IFERROR((inputs!$B$15/100) *'master data '!M29 * inputs!$D$15,0) -> 5.5 | P30: =IFERROR((inputs!$B$9/100) *'master data '!N29 * inputs!$D$9,0) -> 4.5 | Q30: =IFERROR((inputs!$G$5/100) *'master data '!O29 * inputs!$I$5,0) -> 5.88 | R30: =IFERROR((inputs!$B$10/100) *'master data '!P29 * inputs!$D$10,0) -> 0.8 | S30: =IFERROR((inputs!$B$11/100) *'master data '!Q29 * inputs!$D$11,0) -> 0.9 | T30: =IFERROR((inputs!$B$12/100) *'master data '!R29 * inputs!$D$12,0) -> 0.75 | U30: =IFERROR((inputs!$B$13/100) *'master data '!S29 * inputs!$D$13,0) -> 0.8 | V30: =IFERROR((inputs!$B$14/100) *'master data '!T29 * inputs!$D$14,0) -> 0.7 | W30: =IFERROR((#REF!/100) *'master data '!U29 *#REF!,0) -> 0 | X30: =IFERROR((#REF!/100) *'master data '!W29 *#REF!,0) -> 0 | Y30: =IFERROR((#REF!/100) *'master data '!X29 *#REF!,0) -> 0 | Z30: =IFERROR((#REF!/100) *#REF! *#REF!,0) -> 0 | AA30: =IFERROR((#REF!/100) *'master data '!Y29 *#REF!,0) -> 0 | AB30: =SUM(G30:AA30) -> 40.3 | AC30: =AB30 / 7 -> 5.7571429 | AD30: =AC30 -D30 -> 3.7571429 | AE30: mg | AF30: =IFERROR(AC30/D30*100,"N/A") -> 287.85714 | AG30: =AC30 -E30 -> 1.7571429 | AH30: mg | AI30: =AC30 /E30*100 -> 143.92857
A31: molybdenum | B31: water | C31: mcg | D31: 45 | E31: 100 | G31: =IFERROR((inputs!$B$5/100) *'master data '!E30 * inputs!$D$5,0) -> 0 | H31: =IFERROR((inputs!$B$6/100) *'master data '!F30 * inputs!$D$6,0) -> 52.5 | I31: =IFERROR((inputs!$B$7/100) *'master data '!G30 * inputs!$D$7,0) -> 28 | J31: =IFERROR((inputs!$G$6/100) *'master data '!H30 * inputs!$I$6,0) -> 105 | K31: =IFERROR((inputs!$G$7/100) *'master data '!I30 * inputs!$I$7,0) -> 7 | L31: =IFERROR((inputs!$G$8/100) *'master data '!J30 * inputs!$I$8,0) -> 1.4 | M31: =IFERROR((inputs!$G$10/100) *'master data '!K30 * inputs!$I$10,0) -> 8.8 | N31: =IFERROR((inputs!$G$11/100) *'master data '!L30 * inputs!$I$11,0) -> 40 | O31: =IFERROR((inputs!$B$15/100) *'master data '!M30 * inputs!$D$15,0) -> 100 | P31: =IFERROR((inputs!$B$9/100) *'master data '!N30 * inputs!$D$9,0) -> 75 | Q31: =IFERROR((inputs!$G$5/100) *'master data '!O30 * inputs!$I$5,0) -> 196 | R31: =IFERROR((inputs!$B$10/100) *'master data '!P30 * inputs!$D$10,0) -> 65 | S31: =IFERROR((inputs!$B$11/100) *'master data '!Q30 * inputs!$D$11,0) -> 70 | T31: =IFERROR((inputs!$B$12/100) *'master data '!R30 * inputs!$D$12,0) -> 60 | U31: =IFERROR((inputs!$B$13/100) *'master data '!S30 * inputs!$D$13,0) -> 70 | V31: =IFERROR((inputs!$B$14/100) *'master data '!T30 * inputs!$D$14,0) -> 57.5 | W31: =IFERROR((#REF!/100) *'master data '!U30 *#REF!,0) -> 0 | X31: =IFERROR((#REF!/100) *'master data '!W30 *#REF!,0) -> 0 | Y31: =IFERROR((#REF!/100) *'master data '!X30 *#REF!,0) -> 0 | Z31: =IFERROR((#REF!/100) *#REF! *#REF!,0) -> 0 | AA31: =IFERROR((#REF!/100) *'master data '!Y30 *#REF!,0) -> 0 | AB31: =SUM(G31:AA31) -> 936.2 | AC31: =AB31 / 7 -> 133.74286 | AD31: =AC31 -D31 -> 88.742857 | AE31: mcg | AF31: =IFERROR(AC31/D31*100,"N/A") -> 297.20635 | AG31: =AC31 -E31 -> 33.742857 | AH31: mcg | AI31: =AC31 /E31*100 -> 133.74286
A32: fluoride | B32: fat | C32: mg | D32: 3 | E32: 4 | G32: =IFERROR((inputs!$B$5/100) *'master data '!E31 * inputs!$D$5,0) -> 0 | H32: =IFERROR((inputs!$B$6/100) *'master data '!F31 * inputs!$D$6,0) -> 0.105 | I32: =IFERROR((inputs!$B$7/100) *'master data '!G31 * inputs!$D$7,0) -> 35 | J32: =IFERROR((inputs!$G$6/100) *'master data '!H31 * inputs!$I$6,0) -> 0.42 | K32: =IFERROR((inputs!$G$7/100) *'master data '!I31 * inputs!$I$7,0) -> 0 | L32: =IFERROR((inputs!$G$8/100) *'master data '!J31 * inputs!$I$8,0) -> 0 | M32: =IFERROR((inputs!$G$10/100) *'master data '!K31 * inputs!$I$10,0) -> 0 | N32: =IFERROR((inputs!$G$11/100) *'master data '!L31 * inputs!$I$11,0) -> 0 | O32: =IFERROR((inputs!$B$15/100) *'master data '!M31 * inputs!$D$15,0) -> 0.75 | P32: =IFERROR((inputs!$B$9/100) *'master data '!N31 * inputs!$D$9,0) -> 0.5 | Q32: =IFERROR((inputs!$G$5/100) *'master data '!O31 * inputs!$I$5,0) -> 0 | R32: =IFERROR((inputs!$B$10/100) *'master data '!P31 * inputs!$D$10,0) -> 20 | S32: =IFERROR((inputs!$B$11/100) *'master data '!Q31 * inputs!$D$11,0) -> 22.5 | T32: =IFERROR((inputs!$B$12/100) *'master data '!R31 * inputs!$D$12,0) -> 19 | U32: =IFERROR((inputs!$B$13/100) *'master data '!S31 * inputs!$D$13,0) -> 21 | V32: =IFERROR((inputs!$B$14/100) *'master data '!T31 * inputs!$D$14,0) -> 18 | W32: =IFERROR((#REF!/100) *'master data '!U31 *#REF!,0) -> 0 | X32: =IFERROR((#REF!/100) *'master data '!W31 *#REF!,0) -> 0 | Y32: =IFERROR((#REF!/100) *'master data '!X31 *#REF!,0) -> 0 | Z32: =IFERROR((#REF!/100) *#REF! *#REF!,0) -> 0 | AA32: =IFERROR((#REF!/100) *'master data '!Y31 *#REF!,0) -> 0 | AB32: =SUM(G32:AA32) -> 137.275 | AC32: =AB32 / 7 -> 19.610714 | AD32: =AC32 -D32 -> 16.610714 | AE32: mg | AF32: =IFERROR(AC32/D32*100,"N/A") -> 653.69048 | AG32: =AC32 -E32 -> 15.610714 | AH32: mg | AI32: =AC32 /E32*100 -> 490.26786
A33: boron | B33: water | C33: mg | D33: 1 | E33: 2 | G33: =IFERROR((inputs!$B$5/100) *'master data '!E32 * inputs!$D$5,0) -> 0 | H33: =IFERROR((inputs!$B$6/100) *'master data '!F32 * inputs!$D$6,0) -> 2.1 | I33: =IFERROR((inputs!$B$7/100) *'master data '!G32 * inputs!$D$7,0) -> 0.14 | J33: =IFERROR((inputs!$G$6/100) *'master data '!H32 * inputs!$I$6,0) -> 1.89 | K33: =IFERROR((inputs!$G$7/100) *'master data '!I32 * inputs!$I$7,0) -> 0 | L33: =IFERROR((inputs!$G$8/100) *'master data '!J32 * inputs!$I$8,0) -> 0 | M33: =IFERROR((inputs!$G$10/100) *'master data '!K32 * inputs!$I$10,0) -> 0 | N33: =IFERROR((inputs!$G$11/100) *'master data '!L32 * inputs!$I$11,0) -> 0 | O33: =IFERROR((inputs!$B$15/100) *'master data '!M32 * inputs!$D$15,0) -> 1.25 | P33: =IFERROR((inputs!$B$9/100) *'master data '!N32 * inputs!$D$9,0) -> 1 | Q33: =IFERROR((inputs!$G$5/100) *'master data '!O32 * inputs!$I$5,0) -> 0.49 | R33: =IFERROR((inputs!$B$10/100) *'master data '!P32 * inputs!$D$10,0) -> 0.4 | S33: =IFERROR((inputs!$B$11/100) *'master data '!Q32 * inputs!$D$11,0) -> 0.45 | T33: =IFERROR((inputs!$B$12/100) *'master data '!R32 * inputs!$D$12,0) -> 0.35 | U33: =IFERROR((inputs!$B$13/100) *'master data '!S32 * inputs!$D$13,0) -> 0.4 | V33: =IFERROR((inputs!$B$14/100) *'master data '!T32 * inputs!$D$14,0) -> 0.3 | W33: =IFERROR((#REF!/100) *'master data '!U32 *#REF!,0) -> 0 | X33: =IFERROR((#REF!/100) *'master data '!W32 *#REF!,0) -> 0 | Y33: =IFERROR((#REF!/100) *'master data '!X32 *#REF!,0) -> 0 | Z33: =IFERROR((#REF!/100) *#REF! *#REF!,0) -> 0 | AA33: =IFERROR((#REF!/100) *'master data '!Y32 *#REF!,0) -> 0 | AB33: =SUM(G33:AA33) -> 8.77 | AC33: =AB33 / 7 -> 1.2528571 | AD33: =AC33 -D33 -> 0.25285714 | AE33: mg | AF33: =IFERROR(AC33/D33*100,"N/A") -> 125.28571 | AG33: =AC33 -E33 -> -0.74714286 | AH33: mg | AI33: =AC33 /E33*100 -> 62.642857
A34: silicon | B34: water | C34: mg | D34: 10 | E34: 20 | G34: =IFERROR((inputs!$B$5/100) *'master data '!E33 * inputs!$D$5,0) -> 0 | H34: =IFERROR((inputs!$B$6/100) *'master data '!F33 * inputs!$D$6,0) -> 3.15 | I34: =IFERROR((inputs!$B$7/100) *'master data '!G33 * inputs!$D$7,0) -> 1.4 | J34: =IFERROR((inputs!$G$6/100) *'master data '!H33 * inputs!$I$6,0) -> 12.6 | K34: =IFERROR((inputs!$G$7/100) *'master data '!I33 * inputs!$I$7,0) -> 0 | L34: =IFERROR((inputs!$G$8/100) *'master data '!J33 * inputs!$I$8,0) -> 0 | M34: =IFERROR((inputs!$G$10/100) *'master data '!K33 * inputs!$I$10,0) -> 0 | N34: =IFERROR((inputs!$G$11/100) *'master data '!L33 * inputs!$I$11,0) -> 0 | O34: =IFERROR((inputs!$B$15/100) *'master data '!M33 * inputs!$D$15,0) -> 10 | P34: =IFERROR((inputs!$B$9/100) *'master data '!N33 * inputs!$D$9,0) -> 5 | Q34: =IFERROR((inputs!$G$5/100) *'master data '!O33 * inputs!$I$5,0) -> 24.5 | R34: =IFERROR((inputs!$B$10/100) *'master data '!P33 * inputs!$D$10,0) -> 3.5 | S34: =IFERROR((inputs!$B$11/100) *'master data '!Q33 * inputs!$D$11,0) -> 4 | T34: =IFERROR((inputs!$B$12/100) *'master data '!R33 * inputs!$D$12,0) -> 3 | U34: =IFERROR((inputs!$B$13/100) *'master data '!S33 * inputs!$D$13,0) -> 3.5 | V34: =IFERROR((inputs!$B$14/100) *'master data '!T33 * inputs!$D$14,0) -> 3 | W34: =IFERROR((#REF!/100) *'master data '!U33 *#REF!,0) -> 0 | X34: =IFERROR((#REF!/100) *'master data '!W33 *#REF!,0) -> 0 | Y34: =IFERROR((#REF!/100) *'master data '!X33 *#REF!,0) -> 0 | Z34: =IFERROR((#REF!/100) *#REF! *#REF!,0) -> 0 | AA34: =IFERROR((#REF!/100) *'master data '!Y33 *#REF!,0) -> 0 | AB34: =SUM(G34:AA34) -> 73.65 | AC34: =AB34 / 7 -> 10.521429 | AD34: =AC34 -D34 -> 0.52142857 | AE34: mg | AF34: =IFERROR(AC34/D34*100,"N/A") -> 105.21429 | AG34: =AC34 -E34 -> -9.4785714 | AH34: mg | AI34: =AC34 /E34*100 -> 52.607143
A36: cal | B36: - | C36: cal | D36: 1500 | E36: 1800 | G36: =IFERROR((inputs!$B$5/100) *'master data '!E35 * inputs!$D$5,0) -> 369 | H36: =IFERROR((inputs!$B$6/100) *'master data '!F35 * inputs!$D$6,0) -> 703.5 | I36: =IFERROR((inputs!$B$7/100) *'master data '!G35 * inputs!$D$7,0) -> 504 | J36: =IFERROR((inputs!$G$6/100) *'master data '!H35 * inputs!$I$6,0) -> 816.9 | K36: =IFERROR((inputs!$G$7/100) *'master data '!I35 * inputs!$I$7,0) -> 1701 | L36: =IFERROR((inputs!$G$8/100) *'master data '!J35 * inputs!$I$8,0) -> 373.8 | M36: =IFERROR((inputs!$G$10/100) *'master data '!K35 * inputs!$I$10,0) -> 629.2 | N36: =IFERROR((inputs!$G$11/100) *'master data '!L35 * inputs!$I$11,0) -> 960 | O36: =IFERROR((inputs!$B$15/100) *'master data '!M35 * inputs!$D$15,0) -> 862.5 | P36: =IFERROR((inputs!$B$9/100) *'master data '!N35 * inputs!$D$9,0) -> 900 | Q36: =IFERROR((inputs!$G$5/100) *'master data '!O35 * inputs!$I$5,0) -> 1764 | R36: =IFERROR((inputs!$B$10/100) *'master data '!P35 * inputs!$D$10,0) -> 174 | S36: =IFERROR((inputs!$B$11/100) *'master data '!Q35 * inputs!$D$11,0) -> 173.5 | T36: =IFERROR((inputs!$B$12/100) *'master data '!R35 * inputs!$D$12,0) -> 176 | U36: =IFERROR((inputs!$B$13/100) *'master data '!S35 * inputs!$D$13,0) -> 166.5 | V36: =IFERROR((inputs!$B$14/100) *'master data '!T35 * inputs!$D$14,0) -> 182 | W36: =IFERROR((#REF!/100) *'master data '!U35 *#REF!,0) -> 0 | X36: =IFERROR((#REF!/100) *'master data '!W35 *#REF!,0) -> 0 | Y36: =IFERROR((#REF!/100) *'master data '!X35 *#REF!,0) -> 0 | Z36: =IFERROR((#REF!/100) *'master data '!V35 *#REF!,0) -> 0 | AA36: =IFERROR((#REF!/100) *'master data '!Y35 *#REF!,0) -> 0 | AB36: =SUM(G36:AA36) -> 10455.9 | AC36: =AB36 / 7 -> 1493.7 | AD36: =AC36 -D36 -> -6.3 | AE36: gm | AF36: =IFERROR(AC36/D36*100,"N/A") -> 99.58 | AG36: =AC36 -E36 -> -306.3 | AH36: gm | AI36: =AC36 /E36*100 -> 82.983333
A37: carbs | B37: - | C37: gm | D37: 130 | E37: 150 | G37: =IFERROR((inputs!$B$5/100) *'master data '!E36 * inputs!$D$5,0) -> 32.44 | H37: =IFERROR((inputs!$B$6/100) *'master data '!F36 * inputs!$D$6,0) -> 50.4 | I37: =IFERROR((inputs!$B$7/100) *'master data '!G36 * inputs!$D$7,0) -> 72.8 | J37: =IFERROR((inputs!$G$6/100) *'master data '!H36 * inputs!$I$6,0) -> 138.6 | K37: =IFERROR((inputs!$G$7/100) *'master data '!I36 * inputs!$I$7,0) -> 147 | L37: =IFERROR((inputs!$G$8/100) *'master data '!J36 * inputs!$I$8,0) -> 20.3 | M37: =IFERROR((inputs!$G$10/100) *'master data '!K36 * inputs!$I$10,0) -> 3.08 | N37: =IFERROR((inputs!$G$11/100) *'master data '!L36 * inputs!$I$11,0) -> 0 | O37: =IFERROR((inputs!$B$15/100) *'master data '!M36 * inputs!$D$15,0) -> 82.5 | P37: =IFERROR((inputs!$B$9/100) *'master data '!N36 * inputs!$D$9,0) -> 150 | Q37: =IFERROR((inputs!$G$5/100) *'master data '!O36 * inputs!$I$5,0) -> 382.2 | R37: =IFERROR((inputs!$B$10/100) *'master data '!P36 * inputs!$D$10,0) -> 29.5 | S37: =IFERROR((inputs!$B$11/100) *'master data '!Q36 * inputs!$D$11,0) -> 29.5 | T37: =IFERROR((inputs!$B$12/100) *'master data '!R36 * inputs!$D$12,0) -> 30 | U37: =IFERROR((inputs!$B$13/100) *'master data '!S36 * inputs!$D$13,0) -> 30.5 | V37: =IFERROR((inputs!$B$14/100) *'master data '!T36 * inputs!$D$14,0) -> 30.5 | W37: =IFERROR((#REF!/100) *'master data '!U36 *#REF!,0) -> 0 | X37: =IFERROR((#REF!/100) *'master data '!W36 *#REF!,0) -> 0 | Y37: =IFERROR((#REF!/100) *'master data '!X36 *#REF!,0) -> 0 | Z37: =IFERROR((#REF!/100) *'master data '!V36 *#REF!,0) -> 0 | AA37: =IFERROR((#REF!/100) *'master data '!Y36 *#REF!,0) -> 0 | AB37: =SUM(G37:AA37) -> 1229.32 | AC37: =AB37 / 7 -> 175.61714 | AD37: =AC37 -D37 -> 45.617143 | AE37: gm | AF37: =IFERROR(AC37/D37*100,"N/A") -> 135.09011 | AG37: =AC37 -E37 -> 25.617143 | AH37: gm | AI37: =AC37 /E37*100 -> 117.0781
A38: Sugars – Glucose | B38: sugar | C38: gm | D38: 0 | E38: 30 | G38: =IFERROR((inputs!$B$5/100) *'master data '!E37 * inputs!$D$5,0) -> 3.5 | H38: =IFERROR((inputs!$B$6/100) *'master data '!F37 * inputs!$D$6,0) -> 1.05 | I38: =IFERROR((inputs!$B$7/100) *'master data '!G37 * inputs!$D$7,0) -> 0 | J38: =IFERROR((inputs!$G$6/100) *'master data '!H37 * inputs!$I$6,0) -> 0.42 | K38: =IFERROR((inputs!$G$7/100) *'master data '!I37 * inputs!$I$7,0) -> 1.75 | L38: =IFERROR((inputs!$G$8/100) *'master data '!J37 * inputs!$I$8,0) -> 0.35 | M38: =IFERROR((inputs!$G$10/100) *'master data '!K37 * inputs!$I$10,0) -> 1.32 | N38: =IFERROR((inputs!$G$11/100) *'master data '!L37 * inputs!$I$11,0) -> 0 | O38: =IFERROR((inputs!$B$15/100) *'master data '!M37 * inputs!$D$15,0) -> 0.5 | P38: =IFERROR((inputs!$B$9/100) *'master data '!N37 * inputs!$D$9,0) -> 1 | Q38: =IFERROR((inputs!$G$5/100) *'master data '!O37 * inputs!$I$5,0) -> 0.49 | R38: =IFERROR((inputs!$B$10/100) *'master data '!P37 * inputs!$D$10,0) -> 0.3 | S38: =IFERROR((inputs!$B$11/100) *'master data '!Q37 * inputs!$D$11,0) -> 0.35 | T38: =IFERROR((inputs!$B$12/100) *'master data '!R37 * inputs!$D$12,0) -> 0.4 | U38: =IFERROR((inputs!$B$13/100) *'master data '!S37 * inputs!$D$13,0) -> 0.45 | V38: =IFERROR((inputs!$B$14/100) *'master data '!T37 * inputs!$D$14,0) -> 0.35 | W38: =IFERROR((#REF!/100) *'master data '!U37 *#REF!,0) -> 0 | X38: =IFERROR((#REF!/100) *'master data '!W37 *#REF!,0) -> 0 | Y38: =IFERROR((#REF!/100) *'master data '!X37 *#REF!,0) -> 0 | Z38: =IFERROR((#REF!/100) *'master data '!V37 *#REF!,0) -> 0 | AA38: =IFERROR((#REF!/100) *'master data '!Y37 *#REF!,0) -> 0 | AB38: =SUM(G38:AA38) -> 12.23 | AC38: =AB38 / 7 -> 1.7471429 | AD38: =AC38 -D38 -> 1.7471429 | AE38: gm | AF38: =IFERROR(AC38/D38*100,"N/A") -> N/A | AG38: =AC38 -E38 -> -28.252857 | AI38: =AC38 /E38*100 -> 5.8238095
A39: Sugars – Fructose | B39: sugar | C39: gm | D39: 0 | E39: 25 | G39: =IFERROR((inputs!$B$5/100) *'master data '!E38 * inputs!$D$5,0) -> 2.8 | H39: =IFERROR((inputs!$B$6/100) *'master data '!F38 * inputs!$D$6,0) -> 0 | I39: =IFERROR((inputs!$B$7/100) *'master data '!G38 * inputs!$D$7,0) -> 0 | J39: =IFERROR((inputs!$G$6/100) *'master data '!H38 * inputs!$I$6,0) -> 0.63 | K39: =IFERROR((inputs!$G$7/100) *'master data '!I38 * inputs!$I$7,0) -> 1.75 | L39: =IFERROR((inputs!$G$8/100) *'master data '!J38 * inputs!$I$8,0) -> 0.35 | M39: =IFERROR((inputs!$G$10/100) *'master data '!K38 * inputs!$I$10,0) -> 1.32 | N39: =IFERROR((inputs!$G$11/100) *'master data '!L38 * inputs!$I$11,0) -> 0 | O39: =IFERROR((inputs!$B$15/100) *'master data '!M38 * inputs!$D$15,0) -> 0.5 | P39: =IFERROR((inputs!$B$9/100) *'master data '!N38 * inputs!$D$9,0) -> 0.75 | Q39: =IFERROR((inputs!$G$5/100) *'master data '!O38 * inputs!$I$5,0) -> 0 | R39: =IFERROR((inputs!$B$10/100) *'master data '!P38 * inputs!$D$10,0) -> 0.2 | S39: =IFERROR((inputs!$B$11/100) *'master data '!Q38 * inputs!$D$11,0) -> 0.25 | T39: =IFERROR((inputs!$B$12/100) *'master data '!R38 * inputs!$D$12,0) -> 0.25 | U39: =IFERROR((inputs!$B$13/100) *'master data '!S38 * inputs!$D$13,0) -> 0.3 | V39: =IFERROR((inputs!$B$14/100) *'master data '!T38 * inputs!$D$14,0) -> 0.2 | W39: =IFERROR((#REF!/100) *'master data '!U38 *#REF!,0) -> 0 | X39: =IFERROR((#REF!/100) *'master data '!W38 *#REF!,0) -> 0 | Y39: =IFERROR((#REF!/100) *'master data '!X38 *#REF!,0) -> 0 | Z39: =IFERROR((#REF!/100) *'master data '!V38 *#REF!,0) -> 0 | AA39: =IFERROR((#REF!/100) *'master data '!Y38 *#REF!,0) -> 0 | AB39: =SUM(G39:AA39) -> 9.3 | AC39: =AB39 / 7 -> 1.3285714 | AD39: =AC39 -D39 -> 1.3285714 | AE39: gm | AF39: =IFERROR(AC39/D39*100,"N/A") -> N/A | AG39: =AC39 -E39 -> -23.671429 | AI39: =AC39 /E39*100 -> 5.3142857
A40: Sugars – Sucrose | B40: sugar | C40: gm | D40: 0 | E40: 15 | G40: =IFERROR((inputs!$B$5/100) *'master data '!E39 * inputs!$D$5,0) -> 6 | H40: =IFERROR((inputs!$B$6/100) *'master data '!F39 * inputs!$D$6,0) -> 0 | I40: =IFERROR((inputs!$B$7/100) *'master data '!G39 * inputs!$D$7,0) -> 0 | J40: =IFERROR((inputs!$G$6/100) *'master data '!H39 * inputs!$I$6,0) -> 1.05 | K40: =IFERROR((inputs!$G$7/100) *'master data '!I39 * inputs!$I$7,0) -> 1.75 | L40: =IFERROR((inputs!$G$8/100) *'master data '!J39 * inputs!$I$8,0) -> 0.35 | M40: =IFERROR((inputs!$G$10/100) *'master data '!K39 * inputs!$I$10,0) -> 1.32 | N40: =IFERROR((inputs!$G$11/100) *'master data '!L39 * inputs!$I$11,0) -> 0 | O40: =IFERROR((inputs!$B$15/100) *'master data '!M39 * inputs!$D$15,0) -> 0.25 | P40: =IFERROR((inputs!$B$9/100) *'master data '!N39 * inputs!$D$9,0) -> 0.5 | Q40: =IFERROR((inputs!$G$5/100) *'master data '!O39 * inputs!$I$5,0) -> 0.49 | R40: =IFERROR((inputs!$B$10/100) *'master data '!P39 * inputs!$D$10,0) -> 0.55 | S40: =IFERROR((inputs!$B$11/100) *'master data '!Q39 * inputs!$D$11,0) -> 0.65 | T40: =IFERROR((inputs!$B$12/100) *'master data '!R39 * inputs!$D$12,0) -> 0.6 | U40: =IFERROR((inputs!$B$13/100) *'master data '!S39 * inputs!$D$13,0) -> 0.75 | V40: =IFERROR((inputs!$B$14/100) *'master data '!T39 * inputs!$D$14,0) -> 0.55 | W40: =IFERROR((#REF!/100) *'master data '!U39 *#REF!,0) -> 0 | X40: =IFERROR((#REF!/100) *'master data '!W39 *#REF!,0) -> 0 | Y40: =IFERROR((#REF!/100) *'master data '!X39 *#REF!,0) -> 0 | Z40: =IFERROR((#REF!/100) *'master data '!V39 *#REF!,0) -> 0 | AA40: =IFERROR((#REF!/100) *'master data '!Y39 *#REF!,0) -> 0 | AB40: =SUM(G40:AA40) -> 14.81 | AC40: =AB40 / 7 -> 2.1157143 | AD40: =AC40 -D40 -> 2.1157143 | AE40: gm | AF40: =IFERROR(AC40/D40*100,"N/A") -> N/A | AG40: =AC40 -E40 -> -12.884286 | AI40: =AC40 /E40*100 -> 14.104762
A41: Sugars – Lactose | B41: sugar | C41: gm | D41: 0 | E41: 10 | G41: =IFERROR((inputs!$B$5/100) *'master data '!E40 * inputs!$D$5,0) -> 18 | H41: =IFERROR((inputs!$B$6/100) *'master data '!F40 * inputs!$D$6,0) -> 50.4 | I41: =IFERROR((inputs!$B$7/100) *'master data '!G40 * inputs!$D$7,0) -> 72.8 | J41: =IFERROR((inputs!$G$6/100) *'master data '!H40 * inputs!$I$6,0) -> 0 | K41: =IFERROR((inputs!$G$7/100) *'master data '!I40 * inputs!$I$7,0) -> 0 | L41: =IFERROR((inputs!$G$8/100) *'master data '!J40 * inputs!$I$8,0) -> 0 | M41: =IFERROR((inputs!$G$10/100) *'master data '!K40 * inputs!$I$10,0) -> 0 | N41: =IFERROR((inputs!$G$11/100) *'master data '!L40 * inputs!$I$11,0) -> 0 | O41: =IFERROR((inputs!$B$15/100) *'master data '!M40 * inputs!$D$15,0) -> 0 | P41: =IFERROR((inputs!$B$9/100) *'master data '!N40 * inputs!$D$9,0) -> 0 | Q41: =IFERROR((inputs!$G$5/100) *'master data '!O40 * inputs!$I$5,0) -> 0 | R41: =IFERROR((inputs!$B$10/100) *'master data '!P40 * inputs!$D$10,0) -> 0 | S41: =IFERROR((inputs!$B$11/100) *'master data '!Q40 * inputs!$D$11,0) -> 0 | T41: =IFERROR((inputs!$B$12/100) *'master data '!R40 * inputs!$D$12,0) -> 0 | U41: =IFERROR((inputs!$B$13/100) *'master data '!S40 * inputs!$D$13,0) -> 0 | V41: =IFERROR((inputs!$B$14/100) *'master data '!T40 * inputs!$D$14,0) -> 0 | W41: =IFERROR((#REF!/100) *'master data '!U40 *#REF!,0) -> 0 | X41: =IFERROR((#REF!/100) *'master data '!W40 *#REF!,0) -> 0 | Y41: =IFERROR((#REF!/100) *'master data '!X40 *#REF!,0) -> 0 | Z41: =IFERROR((#REF!/100) *'master data '!V40 *#REF!,0) -> 0 | AA41: =IFERROR((#REF!/100) *'master data '!Y40 *#REF!,0) -> 0 | AB41: =SUM(G41:AA41) -> 141.2 | AC41: =AB41 / 7 -> 20.171429 | AD41: =AC41 -D41 -> 20.171429 | AE41: gm | AF41: =IFERROR(AC41/D41*100,"N/A") -> N/A | AG41: =AC41 -E41 -> 10.171429 | AI41: =AC41 /E41*100 -> 201.71429
A42: Starch – Fast digesting | B42: starch | C42: gm | D42: 0 | E42: 35 | G42: =IFERROR((inputs!$B$5/100) *'master data '!E41 * inputs!$D$5,0) -> 6 | H42: =IFERROR((inputs!$B$6/100) *'master data '!F41 * inputs!$D$6,0) -> 0 | I42: =IFERROR((inputs!$B$7/100) *'master data '!G41 * inputs!$D$7,0) -> 0 | J42: =IFERROR((inputs!$G$6/100) *'master data '!H41 * inputs!$I$6,0) -> 42 | K42: =IFERROR((inputs!$G$7/100) *'master data '!I41 * inputs!$I$7,0) -> 0 | L42: =IFERROR((inputs!$G$8/100) *'master data '!J41 * inputs!$I$8,0) -> 0 | M42: =IFERROR((inputs!$G$10/100) *'master data '!K41 * inputs!$I$10,0) -> 0 | N42: =IFERROR((inputs!$G$11/100) *'master data '!L41 * inputs!$I$11,0) -> 0 | O42: =IFERROR((inputs!$B$15/100) *'master data '!M41 * inputs!$D$15,0) -> 37.5 | P42: =IFERROR((inputs!$B$9/100) *'master data '!N41 * inputs!$D$9,0) -> 75 | Q42: =IFERROR((inputs!$G$5/100) *'master data '!O41 * inputs!$I$5,0) -> 269.5 | R42: =IFERROR((inputs!$B$10/100) *'master data '!P41 * inputs!$D$10,0) -> 9 | S42: =IFERROR((inputs!$B$11/100) *'master data '!Q41 * inputs!$D$11,0) -> 8.5 | T42: =IFERROR((inputs!$B$12/100) *'master data '!R41 * inputs!$D$12,0) -> 10 | U42: =IFERROR((inputs!$B$13/100) *'master data '!S41 * inputs!$D$13,0) -> 10.5 | V42: =IFERROR((inputs!$B$14/100) *'master data '!T41 * inputs!$D$14,0) -> 11 | W42: =IFERROR((#REF!/100) *'master data '!U41 *#REF!,0) -> 0 | X42: =IFERROR((#REF!/100) *'master data '!W41 *#REF!,0) -> 0 | Y42: =IFERROR((#REF!/100) *'master data '!X41 *#REF!,0) -> 0 | Z42: =IFERROR((#REF!/100) *'master data '!V41 *#REF!,0) -> 0 | AA42: =IFERROR((#REF!/100) *'master data '!Y41 *#REF!,0) -> 0 | AB42: =SUM(G42:AA42) -> 479 | AC42: =AB42 / 7 -> 68.428571 | AD42: =AC42 -D42 -> 68.428571 | AE42: gm | AF42: =IFERROR(AC42/D42*100,"N/A") -> N/A | AG42: =AC42 -E42 -> 33.428571 | AI42: =AC42 /E42*100 -> 195.5102
A43: Starch – Slow digesting | B43: starch | C43: gm | D43: 0 | E43: 65 | G43: =IFERROR((inputs!$B$5/100) *'master data '!E42 * inputs!$D$5,0) -> 8 | H43: =IFERROR((inputs!$B$6/100) *'master data '!F42 * inputs!$D$6,0) -> 0 | I43: =IFERROR((inputs!$B$7/100) *'master data '!G42 * inputs!$D$7,0) -> 0 | J43: =IFERROR((inputs!$G$6/100) *'master data '!H42 * inputs!$I$6,0) -> 73.5 | K43: =IFERROR((inputs!$G$7/100) *'master data '!I42 * inputs!$I$7,0) -> 0 | L43: =IFERROR((inputs!$G$8/100) *'master data '!J42 * inputs!$I$8,0) -> 0 | M43: =IFERROR((inputs!$G$10/100) *'master data '!K42 * inputs!$I$10,0) -> 0 | N43: =IFERROR((inputs!$G$11/100) *'master data '!L42 * inputs!$I$11,0) -> 0 | O43: =IFERROR((inputs!$B$15/100) *'master data '!M42 * inputs!$D$15,0) -> 25 | P43: =IFERROR((inputs!$B$9/100) *'master data '!N42 * inputs!$D$9,0) -> 62.5 | Q43: =IFERROR((inputs!$G$5/100) *'master data '!O42 * inputs!$I$5,0) -> 98 | R43: =IFERROR((inputs!$B$10/100) *'master data '!P42 * inputs!$D$10,0) -> 16 | S43: =IFERROR((inputs!$B$11/100) *'master data '!Q42 * inputs!$D$11,0) -> 16.5 | T43: =IFERROR((inputs!$B$12/100) *'master data '!R42 * inputs!$D$12,0) -> 15.5 | U43: =IFERROR((inputs!$B$13/100) *'master data '!S42 * inputs!$D$13,0) -> 16.5 | V43: =IFERROR((inputs!$B$14/100) *'master data '!T42 * inputs!$D$14,0) -> 16 | W43: =IFERROR((#REF!/100) *'master data '!U42 *#REF!,0) -> 0 | X43: =IFERROR((#REF!/100) *'master data '!W42 *#REF!,0) -> 0 | Y43: =IFERROR((#REF!/100) *'master data '!X42 *#REF!,0) -> 0 | Z43: =IFERROR((#REF!/100) *'master data '!V42 *#REF!,0) -> 0 | AA43: =IFERROR((#REF!/100) *'master data '!Y42 *#REF!,0) -> 0 | AB43: =SUM(G43:AA43) -> 347.5 | AC43: =AB43 / 7 -> 49.642857 | AD43: =AC43 -D43 -> 49.642857 | AE43: gm | AF43: =IFERROR(AC43/D43*100,"N/A") -> N/A | AG43: =AC43 -E43 -> -15.357143 | AI43: =AC43 /E43*100 -> 76.373626
A44: protien | B44: - | C44: gm | D44: 90 | E44: 120 | G44: =IFERROR((inputs!$B$5/100) *'master data '!E43 * inputs!$D$5,0) -> 53.37 | H44: =IFERROR((inputs!$B$6/100) *'master data '!F43 * inputs!$D$6,0) -> 33.6 | I44: =IFERROR((inputs!$B$7/100) *'master data '!G43 * inputs!$D$7,0) -> 50.4 | J44: =IFERROR((inputs!$G$6/100) *'master data '!H43 * inputs!$I$6,0) -> 27.3 | K44: =IFERROR((inputs!$G$7/100) *'master data '!I43 * inputs!$I$7,0) -> 57.75 | L44: =IFERROR((inputs!$G$8/100) *'master data '!J43 * inputs!$I$8,0) -> 12.81 | M44: =IFERROR((inputs!$G$10/100) *'master data '!K43 * inputs!$I$10,0) -> 55.44 | N44: =IFERROR((inputs!$G$11/100) *'master data '!L43 * inputs!$I$11,0) -> 180 | O44: =IFERROR((inputs!$B$15/100) *'master data '!M43 * inputs!$D$15,0) -> 130 | P44: =IFERROR((inputs!$B$9/100) *'master data '!N43 * inputs!$D$9,0) -> 50 | Q44: =IFERROR((inputs!$G$5/100) *'master data '!O43 * inputs!$I$5,0) -> 36.75 | R44: =IFERROR((inputs!$B$10/100) *'master data '!P43 * inputs!$D$10,0) -> 12 | S44: =IFERROR((inputs!$B$11/100) *'master data '!Q43 * inputs!$D$11,0) -> 12.2 | T44: =IFERROR((inputs!$B$12/100) *'master data '!R43 * inputs!$D$12,0) -> 12.55 | U44: =IFERROR((inputs!$B$13/100) *'master data '!S43 * inputs!$D$13,0) -> 12 | V44: =IFERROR((inputs!$B$14/100) *'master data '!T43 * inputs!$D$14,0) -> 11.25 | W44: =IFERROR((#REF!/100) *'master data '!U43 *#REF!,0) -> 0 | X44: =IFERROR((#REF!/100) *'master data '!W43 *#REF!,0) -> 0 | Y44: =IFERROR((#REF!/100) *'master data '!X43 *#REF!,0) -> 0 | Z44: =IFERROR((#REF!/100) *'master data '!V43 *#REF!,0) -> 0 | AA44: =IFERROR((#REF!/100) *'master data '!Y43 *#REF!,0) -> 0 | AB44: =SUM(G44:AA44) -> 747.42 | AC44: =AB44 / 7 -> 106.77429 | AD44: =AC44 -D44 -> 16.774286 | AE44: gm | AF44: =IFERROR(AC44/D44*100,"N/A") -> 118.6381 | AG44: =AC44 -E44 -> -13.225714 | AH44: gm | AI44: =AC44 /E44*100 -> 88.978571
A45: Leucine | B45: EAA | C45: gm | D45: 3 | E45: 5 | G45: =IFERROR((inputs!$B$5/100) *'master data '!E44 * inputs!$D$5,0) -> 4.8 | H45: =IFERROR((inputs!$B$6/100) *'master data '!F44 * inputs!$D$6,0) -> 3.15 | I45: =IFERROR((inputs!$B$7/100) *'master data '!G44 * inputs!$D$7,0) -> 4.48 | J45: =IFERROR((inputs!$G$6/100) *'master data '!H44 * inputs!$I$6,0) -> 2.52 | K45: =IFERROR((inputs!$G$7/100) *'master data '!I44 * inputs!$I$7,0) -> 4.2 | L45: =IFERROR((inputs!$G$8/100) *'master data '!J44 * inputs!$I$8,0) -> 0.91 | M45: =IFERROR((inputs!$G$10/100) *'master data '!K44 * inputs!$I$10,0) -> 4.84 | N45: =IFERROR((inputs!$G$11/100) *'master data '!L44 * inputs!$I$11,0) -> 15.2 | O45: =IFERROR((inputs!$B$15/100) *'master data '!M44 * inputs!$D$15,0) -> 8.75 | P45: =IFERROR((inputs!$B$9/100) *'master data '!N44 * inputs!$D$9,0) -> 4 | Q45: =IFERROR((inputs!$G$5/100) *'master data '!O44 * inputs!$I$5,0) -> 2.94 | R45: =IFERROR((inputs!$B$10/100) *'master data '!P44 * inputs!$D$10,0) -> 0.875 | S45: =IFERROR((inputs!$B$11/100) *'master data '!Q44 * inputs!$D$11,0) -> 0.9 | T45: =IFERROR((inputs!$B$12/100) *'master data '!R44 * inputs!$D$12,0) -> 0.925 | U45: =IFERROR((inputs!$B$13/100) *'master data '!S44 * inputs!$D$13,0) -> 0.875 | V45: =IFERROR((inputs!$B$14/100) *'master data '!T44 * inputs!$D$14,0) -> 0.85 | W45: =IFERROR((#REF!/100) *'master data '!U44 *#REF!,0) -> 0 | X45: =IFERROR((#REF!/100) *'master data '!W44 *#REF!,0) -> 0 | Y45: =IFERROR((#REF!/100) *'master data '!X44 *#REF!,0) -> 0 | Z45: =IFERROR((#REF!/100) *'master data '!V44 *#REF!,0) -> 0 | AA45: =IFERROR((#REF!/100) *'master data '!Y44 *#REF!,0) -> 0 | AB45: =SUM(G45:AA45) -> 60.215 | AC45: =AB45 / 7 -> 8.6021429 | AD45: =AC45 -D45 -> 5.6021429 | AE45: gm | AF45: =IFERROR(AC45/D45*100,"N/A") -> 286.7381 | AG45: =AC45 -E45 -> 3.6021429 | AI45: =AC45 /E45*100 -> 172.04286
A46: Isoleucine | B46: EAA | C46: gm | D46: 1.6 | E46: 3 | G46: =IFERROR((inputs!$B$5/100) *'master data '!E45 * inputs!$D$5,0) -> 3.1 | H46: =IFERROR((inputs!$B$6/100) *'master data '!F45 * inputs!$D$6,0) -> 1.785 | I46: =IFERROR((inputs!$B$7/100) *'master data '!G45 * inputs!$D$7,0) -> 2.8 | J46: =IFERROR((inputs!$G$6/100) *'master data '!H45 * inputs!$I$6,0) -> 1.47 | K46: =IFERROR((inputs!$G$7/100) *'master data '!I45 * inputs!$I$7,0) -> 2.1 | L46: =IFERROR((inputs!$G$8/100) *'master data '!J45 * inputs!$I$8,0) -> 0.49 | M46: =IFERROR((inputs!$G$10/100) *'master data '!K45 * inputs!$I$10,0) -> 3.08 | N46: =IFERROR((inputs!$G$11/100) *'master data '!L45 * inputs!$I$11,0) -> 9.6 | O46: =IFERROR((inputs!$B$15/100) *'master data '!M45 * inputs!$D$15,0) -> 5 | P46: =IFERROR((inputs!$B$9/100) *'master data '!N45 * inputs!$D$9,0) -> 2.25 | Q46: =IFERROR((inputs!$G$5/100) *'master data '!O45 * inputs!$I$5,0) -> 1.715 | R46: =IFERROR((inputs!$B$10/100) *'master data '!P45 * inputs!$D$10,0) -> 0.525 | S46: =IFERROR((inputs!$B$11/100) *'master data '!Q45 * inputs!$D$11,0) -> 0.54 | T46: =IFERROR((inputs!$B$12/100) *'master data '!R45 * inputs!$D$12,0) -> 0.55 | U46: =IFERROR((inputs!$B$13/100) *'master data '!S45 * inputs!$D$13,0) -> 0.525 | V46: =IFERROR((inputs!$B$14/100) *'master data '!T45 * inputs!$D$14,0) -> 0.5 | W46: =IFERROR((#REF!/100) *'master data '!U45 *#REF!,0) -> 0 | X46: =IFERROR((#REF!/100) *'master data '!W45 *#REF!,0) -> 0 | Y46: =IFERROR((#REF!/100) *'master data '!X45 *#REF!,0) -> 0 | Z46: =IFERROR((#REF!/100) *'master data '!V45 *#REF!,0) -> 0 | AA46: =IFERROR((#REF!/100) *'master data '!Y45 *#REF!,0) -> 0 | AB46: =SUM(G46:AA46) -> 36.03 | AC46: =AB46 / 7 -> 5.1471429 | AD46: =AC46 -D46 -> 3.5471429 | AE46: gm | AF46: =IFERROR(AC46/D46*100,"N/A") -> 321.69643 | AG46: =AC46 -E46 -> 2.1471429 | AI46: =AC46 /E46*100 -> 171.57143
A47: Valine | B47: EAA | C47: gm | D47: 1.8 | E47: 3 | G47: =IFERROR((inputs!$B$5/100) *'master data '!E46 * inputs!$D$5,0) -> 3.4 | H47: =IFERROR((inputs!$B$6/100) *'master data '!F46 * inputs!$D$6,0) -> 2.1 | I47: =IFERROR((inputs!$B$7/100) *'master data '!G46 * inputs!$D$7,0) -> 3.08 | J47: =IFERROR((inputs!$G$6/100) *'master data '!H46 * inputs!$I$6,0) -> 1.89 | K47: =IFERROR((inputs!$G$7/100) *'master data '!I46 * inputs!$I$7,0) -> 2.45 | L47: =IFERROR((inputs!$G$8/100) *'master data '!J46 * inputs!$I$8,0) -> 0.56 | M47: =IFERROR((inputs!$G$10/100) *'master data '!K46 * inputs!$I$10,0) -> 3.96 | N47: =IFERROR((inputs!$G$11/100) *'master data '!L46 * inputs!$I$11,0) -> 10.4 | O47: =IFERROR((inputs!$B$15/100) *'master data '!M46 * inputs!$D$15,0) -> 5.5 | P47: =IFERROR((inputs!$B$9/100) *'master data '!N46 * inputs!$D$9,0) -> 2.75 | Q47: =IFERROR((inputs!$G$5/100) *'master data '!O46 * inputs!$I$5,0) -> 2.45 | R47: =IFERROR((inputs!$B$10/100) *'master data '!P46 * inputs!$D$10,0) -> 0.6 | S47: =IFERROR((inputs!$B$11/100) *'master data '!Q46 * inputs!$D$11,0) -> 0.625 | T47: =IFERROR((inputs!$B$12/100) *'master data '!R46 * inputs!$D$12,0) -> 0.65 | U47: =IFERROR((inputs!$B$13/100) *'master data '!S46 * inputs!$D$13,0) -> 0.625 | V47: =IFERROR((inputs!$B$14/100) *'master data '!T46 * inputs!$D$14,0) -> 0.6 | W47: =IFERROR((#REF!/100) *'master data '!U46 *#REF!,0) -> 0 | X47: =IFERROR((#REF!/100) *'master data '!W46 *#REF!,0) -> 0 | Y47: =IFERROR((#REF!/100) *'master data '!X46 *#REF!,0) -> 0 | Z47: =IFERROR((#REF!/100) *'master data '!V46 *#REF!,0) -> 0 | AA47: =IFERROR((#REF!/100) *'master data '!Y46 *#REF!,0) -> 0 | AB47: =SUM(G47:AA47) -> 41.64 | AC47: =AB47 / 7 -> 5.9485714 | AD47: =AC47 -D47 -> 4.1485714 | AE47: gm | AF47: =IFERROR(AC47/D47*100,"N/A") -> 330.47619 | AG47: =AC47 -E47 -> 2.9485714 | AI47: =AC47 /E47*100 -> 198.28571
A48: Lysine | B48: EAA | C48: gm | D48: 2 | E48: 4 | G48: =IFERROR((inputs!$B$5/100) *'master data '!E47 * inputs!$D$5,0) -> 4.5 | H48: =IFERROR((inputs!$B$6/100) *'master data '!F47 * inputs!$D$6,0) -> 2.73 | I48: =IFERROR((inputs!$B$7/100) *'master data '!G47 * inputs!$D$7,0) -> 4.06 | J48: =IFERROR((inputs!$G$6/100) *'master data '!H47 * inputs!$I$6,0) -> 1.47 | K48: =IFERROR((inputs!$G$7/100) *'master data '!I47 * inputs!$I$7,0) -> 3.15 | L48: =IFERROR((inputs!$G$8/100) *'master data '!J47 * inputs!$I$8,0) -> 0.63 | M48: =IFERROR((inputs!$G$10/100) *'master data '!K47 * inputs!$I$10,0) -> 3.96 | N48: =IFERROR((inputs!$G$11/100) *'master data '!L47 * inputs!$I$11,0) -> 16 | O48: =IFERROR((inputs!$B$15/100) *'master data '!M47 * inputs!$D$15,0) -> 8.25 | P48: =IFERROR((inputs!$B$9/100) *'master data '!N47 * inputs!$D$9,0) -> 3.25 | Q48: =IFERROR((inputs!$G$5/100) *'master data '!O47 * inputs!$I$5,0) -> 1.225 | R48: =IFERROR((inputs!$B$10/100) *'master data '!P47 * inputs!$D$10,0) -> 0.925 | S48: =IFERROR((inputs!$B$11/100) *'master data '!Q47 * inputs!$D$11,0) -> 0.95 | T48: =IFERROR((inputs!$B$12/100) *'master data '!R47 * inputs!$D$12,0) -> 0.975 | U48: =IFERROR((inputs!$B$13/100) *'master data '!S47 * inputs!$D$13,0) -> 0.925 | V48: =IFERROR((inputs!$B$14/100) *'master data '!T47 * inputs!$D$14,0) -> 0.9 | W48: =IFERROR((#REF!/100) *'master data '!U47 *#REF!,0) -> 0 | X48: =IFERROR((#REF!/100) *'master data '!W47 *#REF!,0) -> 0 | Y48: =IFERROR((#REF!/100) *'master data '!X47 *#REF!,0) -> 0 | Z48: =IFERROR((#REF!/100) *'master data '!V47 *#REF!,0) -> 0 | AA48: =IFERROR((#REF!/100) *'master data '!Y47 *#REF!,0) -> 0 | AB48: =SUM(G48:AA48) -> 53.9 | AC48: =AB48 / 7 -> 7.7 | AD48: =AC48 -D48 -> 5.7 | AE48: gm | AF48: =IFERROR(AC48/D48*100,"N/A") -> 385 | AG48: =AC48 -E48 -> 3.7 | AI48: =AC48 /E48*100 -> 192.5
A49: Methionine | B49: EAA | C49: gm | D49: 1 | E49: 2 | G49: =IFERROR((inputs!$B$5/100) *'master data '!E48 * inputs!$D$5,0) -> 1 | H49: =IFERROR((inputs!$B$6/100) *'master data '!F48 * inputs!$D$6,0) -> 0.84 | I49: =IFERROR((inputs!$B$7/100) *'master data '!G48 * inputs!$D$7,0) -> 1.12 | J49: =IFERROR((inputs!$G$6/100) *'master data '!H48 * inputs!$I$6,0) -> 0.63 | K49: =IFERROR((inputs!$G$7/100) *'master data '!I48 * inputs!$I$7,0) -> 1.05 | L49: =IFERROR((inputs!$G$8/100) *'master data '!J48 * inputs!$I$8,0) -> 0.21 | M49: =IFERROR((inputs!$G$10/100) *'master data '!K48 * inputs!$I$10,0) -> 1.76 | N49: =IFERROR((inputs!$G$11/100) *'master data '!L48 * inputs!$I$11,0) -> 5.6 | O49: =IFERROR((inputs!$B$15/100) *'master data '!M48 * inputs!$D$15,0) -> 1.5 | P49: =IFERROR((inputs!$B$9/100) *'master data '!N48 * inputs!$D$9,0) -> 0.75 | Q49: =IFERROR((inputs!$G$5/100) *'master data '!O48 * inputs!$I$5,0) -> 0.882 | R49: =IFERROR((inputs!$B$10/100) *'master data '!P48 * inputs!$D$10,0) -> 0.15 | S49: =IFERROR((inputs!$B$11/100) *'master data '!Q48 * inputs!$D$11,0) -> 0.16 | T49: =IFERROR((inputs!$B$12/100) *'master data '!R48 * inputs!$D$12,0) -> 0.14 | U49: =IFERROR((inputs!$B$13/100) *'master data '!S48 * inputs!$D$13,0) -> 0.135 | V49: =IFERROR((inputs!$B$14/100) *'master data '!T48 * inputs!$D$14,0) -> 0.13 | W49: =IFERROR((#REF!/100) *'master data '!U48 *#REF!,0) -> 0 | X49: =IFERROR((#REF!/100) *'master data '!W48 *#REF!,0) -> 0 | Y49: =IFERROR((#REF!/100) *'master data '!X48 *#REF!,0) -> 0 | Z49: =IFERROR((#REF!/100) *'master data '!V48 *#REF!,0) -> 0 | AA49: =IFERROR((#REF!/100) *'master data '!Y48 *#REF!,0) -> 0 | AB49: =SUM(G49:AA49) -> 16.057 | AC49: =AB49 / 7 -> 2.2938571 | AD49: =AC49 -D49 -> 1.2938571 | AE49: gm | AF49: =IFERROR(AC49/D49*100,"N/A") -> 229.38571 | AG49: =AC49 -E49 -> 0.29385714 | AI49: =AC49 /E49*100 -> 114.69286
A50: Threonine | B50: EAA | C50: gm | D50: 1.5 | E50: 2 | G50: =IFERROR((inputs!$B$5/100) *'master data '!E49 * inputs!$D$5,0) -> 2.9 | H50: =IFERROR((inputs!$B$6/100) *'master data '!F49 * inputs!$D$6,0) -> 1.47 | I50: =IFERROR((inputs!$B$7/100) *'master data '!G49 * inputs!$D$7,0) -> 2.24 | J50: =IFERROR((inputs!$G$6/100) *'master data '!H49 * inputs!$I$6,0) -> 1.26 | K50: =IFERROR((inputs!$G$7/100) *'master data '!I49 * inputs!$I$7,0) -> 2.1 | L50: =IFERROR((inputs!$G$8/100) *'master data '!J49 * inputs!$I$8,0) -> 0.49 | M50: =IFERROR((inputs!$G$10/100) *'master data '!K49 * inputs!$I$10,0) -> 2.64 | N50: =IFERROR((inputs!$G$11/100) *'master data '!L49 * inputs!$I$11,0) -> 8 | O50: =IFERROR((inputs!$B$15/100) *'master data '!M49 * inputs!$D$15,0) -> 5 | P50: =IFERROR((inputs!$B$9/100) *'master data '!N49 * inputs!$D$9,0) -> 2 | Q50: =IFERROR((inputs!$G$5/100) *'master data '!O49 * inputs!$I$5,0) -> 1.47 | R50: =IFERROR((inputs!$B$10/100) *'master data '!P49 * inputs!$D$10,0) -> 0.475 | S50: =IFERROR((inputs!$B$11/100) *'master data '!Q49 * inputs!$D$11,0) -> 0.49 | T50: =IFERROR((inputs!$B$12/100) *'master data '!R49 * inputs!$D$12,0) -> 0.48 | U50: =IFERROR((inputs!$B$13/100) *'master data '!S49 * inputs!$D$13,0) -> 0.46 | V50: =IFERROR((inputs!$B$14/100) *'master data '!T49 * inputs!$D$14,0) -> 0.45 | W50: =IFERROR((#REF!/100) *'master data '!U49 *#REF!,0) -> 0 | X50: =IFERROR((#REF!/100) *'master data '!W49 *#REF!,0) -> 0 | Y50: =IFERROR((#REF!/100) *'master data '!X49 *#REF!,0) -> 0 | Z50: =IFERROR((#REF!/100) *'master data '!V49 *#REF!,0) -> 0 | AA50: =IFERROR((#REF!/100) *'master data '!Y49 *#REF!,0) -> 0 | AB50: =SUM(G50:AA50) -> 31.925 | AC50: =AB50 / 7 -> 4.5607143 | AD50: =AC50 -D50 -> 3.0607143 | AE50: gm | AF50: =IFERROR(AC50/D50*100,"N/A") -> 304.04762 | AG50: =AC50 -E50 -> 2.5607143 | AI50: =AC50 /E50*100 -> 228.03571
A51: Phenylalanine | B51: EAA | C51: gm | D51: 2 | E51: 3 | G51: =IFERROR((inputs!$B$5/100) *'master data '!E50 * inputs!$D$5,0) -> 2.6 | H51: =IFERROR((inputs!$B$6/100) *'master data '!F50 * inputs!$D$6,0) -> 1.575 | I51: =IFERROR((inputs!$B$7/100) *'master data '!G50 * inputs!$D$7,0) -> 2.38 | J51: =IFERROR((inputs!$G$6/100) *'master data '!H50 * inputs!$I$6,0) -> 2.1 | K51: =IFERROR((inputs!$G$7/100) *'master data '!I50 * inputs!$I$7,0) -> 3.15 | L51: =IFERROR((inputs!$G$8/100) *'master data '!J50 * inputs!$I$8,0) -> 0.63 | M51: =IFERROR((inputs!$G$10/100) *'master data '!K50 * inputs!$I$10,0) -> 3.08 | N51: =IFERROR((inputs!$G$11/100) *'master data '!L50 * inputs!$I$11,0) -> 7.2 | O51: =IFERROR((inputs!$B$15/100) *'master data '!M50 * inputs!$D$15,0) -> 5 | P51: =IFERROR((inputs!$B$9/100) *'master data '!N50 * inputs!$D$9,0) -> 2.75 | Q51: =IFERROR((inputs!$G$5/100) *'master data '!O50 * inputs!$I$5,0) -> 2.205 | R51: =IFERROR((inputs!$B$10/100) *'master data '!P50 * inputs!$D$10,0) -> 0.625 | S51: =IFERROR((inputs!$B$11/100) *'master data '!Q50 * inputs!$D$11,0) -> 0.65 | T51: =IFERROR((inputs!$B$12/100) *'master data '!R50 * inputs!$D$12,0) -> 0.66 | U51: =IFERROR((inputs!$B$13/100) *'master data '!S50 * inputs!$D$13,0) -> 0.6 | V51: =IFERROR((inputs!$B$14/100) *'master data '!T50 * inputs!$D$14,0) -> 0.575 | W51: =IFERROR((#REF!/100) *'master data '!U50 *#REF!,0) -> 0 | X51: =IFERROR((#REF!/100) *'master data '!W50 *#REF!,0) -> 0 | Y51: =IFERROR((#REF!/100) *'master data '!X50 *#REF!,0) -> 0 | Z51: =IFERROR((#REF!/100) *'master data '!V50 *#REF!,0) -> 0 | AA51: =IFERROR((#REF!/100) *'master data '!Y50 *#REF!,0) -> 0 | AB51: =SUM(G51:AA51) -> 35.78 | AC51: =AB51 / 7 -> 5.1114286 | AD51: =AC51 -D51 -> 3.1114286 | AE51: gm | AF51: =IFERROR(AC51/D51*100,"N/A") -> 255.57143 | AG51: =AC51 -E51 -> 2.1114286 | AI51: =AC51 /E51*100 -> 170.38095
A52: Tryptophan | B52: EAA | C52: gm | D52: 0.25 | E52: 1 | G52: =IFERROR((inputs!$B$5/100) *'master data '!E51 * inputs!$D$5,0) -> 0.9 | H52: =IFERROR((inputs!$B$6/100) *'master data '!F51 * inputs!$D$6,0) -> 0.525 | I52: =IFERROR((inputs!$B$7/100) *'master data '!G51 * inputs!$D$7,0) -> 0.7 | J52: =IFERROR((inputs!$G$6/100) *'master data '!H51 * inputs!$I$6,0) -> 0.42 | K52: =IFERROR((inputs!$G$7/100) *'master data '!I51 * inputs!$I$7,0) -> 0.7 | L52: =IFERROR((inputs!$G$8/100) *'master data '!J51 * inputs!$I$8,0) -> 0.14 | M52: =IFERROR((inputs!$G$10/100) *'master data '!K51 * inputs!$I$10,0) -> 0.88 | N52: =IFERROR((inputs!$G$11/100) *'master data '!L51 * inputs!$I$11,0) -> 2 | O52: =IFERROR((inputs!$B$15/100) *'master data '!M51 * inputs!$D$15,0) -> 1.5 | P52: =IFERROR((inputs!$B$9/100) *'master data '!N51 * inputs!$D$9,0) -> 0.5 | Q52: =IFERROR((inputs!$G$5/100) *'master data '!O51 * inputs!$I$5,0) -> 0.441 | R52: =IFERROR((inputs!$B$10/100) *'master data '!P51 * inputs!$D$10,0) -> 0.125 | S52: =IFERROR((inputs!$B$11/100) *'master data '!Q51 * inputs!$D$11,0) -> 0.13 | T52: =IFERROR((inputs!$B$12/100) *'master data '!R51 * inputs!$D$12,0) -> 0.12 | U52: =IFERROR((inputs!$B$13/100) *'master data '!S51 * inputs!$D$13,0) -> 0.11 | V52: =IFERROR((inputs!$B$14/100) *'master data '!T51 * inputs!$D$14,0) -> 0.105 | W52: =IFERROR((#REF!/100) *'master data '!U51 *#REF!,0) -> 0 | X52: =IFERROR((#REF!/100) *'master data '!W51 *#REF!,0) -> 0 | Y52: =IFERROR((#REF!/100) *'master data '!X51 *#REF!,0) -> 0 | Z52: =IFERROR((#REF!/100) *'master data '!V51 *#REF!,0) -> 0 | AA52: =IFERROR((#REF!/100) *'master data '!Y51 *#REF!,0) -> 0 | AB52: =SUM(G52:AA52) -> 9.296 | AC52: =AB52 / 7 -> 1.328 | AD52: =AC52 -D52 -> 1.078 | AE52: gm | AF52: =IFERROR(AC52/D52*100,"N/A") -> 531.2 | AG52: =AC52 -E52 -> 0.328 | AI52: =AC52 /E52*100 -> 132.8
A53: Histidine | B53: EAA | C53: gm | D53: 0.8 | E53: 1 | G53: =IFERROR((inputs!$B$5/100) *'master data '!E52 * inputs!$D$5,0) -> 1.4 | H53: =IFERROR((inputs!$B$6/100) *'master data '!F52 * inputs!$D$6,0) -> 0.945 | I53: =IFERROR((inputs!$B$7/100) *'master data '!G52 * inputs!$D$7,0) -> 1.4 | J53: =IFERROR((inputs!$G$6/100) *'master data '!H52 * inputs!$I$6,0) -> 0.84 | K53: =IFERROR((inputs!$G$7/100) *'master data '!I52 * inputs!$I$7,0) -> 1.75 | L53: =IFERROR((inputs!$G$8/100) *'master data '!J52 * inputs!$I$8,0) -> 0.35 | M53: =IFERROR((inputs!$G$10/100) *'master data '!K52 * inputs!$I$10,0) -> 1.32 | N53: =IFERROR((inputs!$G$11/100) *'master data '!L52 * inputs!$I$11,0) -> 6.4 | O53: =IFERROR((inputs!$B$15/100) *'master data '!M52 * inputs!$D$15,0) -> 3.75 | P53: =IFERROR((inputs!$B$9/100) *'master data '!N52 * inputs!$D$9,0) -> 1.5 | Q53: =IFERROR((inputs!$G$5/100) *'master data '!O52 * inputs!$I$5,0) -> 0.98 | R53: =IFERROR((inputs!$B$10/100) *'master data '!P52 * inputs!$D$10,0) -> 0.35 | S53: =IFERROR((inputs!$B$11/100) *'master data '!Q52 * inputs!$D$11,0) -> 0.36 | T53: =IFERROR((inputs!$B$12/100) *'master data '!R52 * inputs!$D$12,0) -> 0.37 | U53: =IFERROR((inputs!$B$13/100) *'master data '!S52 * inputs!$D$13,0) -> 0.34 | V53: =IFERROR((inputs!$B$14/100) *'master data '!T52 * inputs!$D$14,0) -> 0.325 | W53: =IFERROR((#REF!/100) *'master data '!U52 *#REF!,0) -> 0 | X53: =IFERROR((#REF!/100) *'master data '!W52 *#REF!,0) -> 0 | Y53: =IFERROR((#REF!/100) *'master data '!X52 *#REF!,0) -> 0 | Z53: =IFERROR((#REF!/100) *'master data '!V52 *#REF!,0) -> 0 | AA53: =IFERROR((#REF!/100) *'master data '!Y52 *#REF!,0) -> 0 | AB53: =SUM(G53:AA53) -> 22.38 | AC53: =AB53 / 7 -> 3.1971429 | AD53: =AC53 -D53 -> 2.3971429 | AE53: gm | AF53: =IFERROR(AC53/D53*100,"N/A") -> 399.64286 | AG53: =AC53 -E53 -> 2.1971429 | AI53: =AC53 /E53*100 -> 319.71429
A54: Arginine | B54: Conditional | C54: gm | D54: 2 | E54: 4 | G54: =IFERROR((inputs!$B$5/100) *'master data '!E53 * inputs!$D$5,0) -> 2.8 | H54: =IFERROR((inputs!$B$6/100) *'master data '!F53 * inputs!$D$6,0) -> 1.26 | I54: =IFERROR((inputs!$B$7/100) *'master data '!G53 * inputs!$D$7,0) -> 1.54 | J54: =IFERROR((inputs!$G$6/100) *'master data '!H53 * inputs!$I$6,0) -> 2.52 | K54: =IFERROR((inputs!$G$7/100) *'master data '!I53 * inputs!$I$7,0) -> 7.35 | L54: =IFERROR((inputs!$G$8/100) *'master data '!J53 * inputs!$I$8,0) -> 1.4 | M54: =IFERROR((inputs!$G$10/100) *'master data '!K53 * inputs!$I$10,0) -> 3.52 | N54: =IFERROR((inputs!$G$11/100) *'master data '!L53 * inputs!$I$11,0) -> 12 | O54: =IFERROR((inputs!$B$15/100) *'master data '!M53 * inputs!$D$15,0) -> 7.75 | P54: =IFERROR((inputs!$B$9/100) *'master data '!N53 * inputs!$D$9,0) -> 3.5 | Q54: =IFERROR((inputs!$G$5/100) *'master data '!O53 * inputs!$I$5,0) -> 2.695 | R54: =IFERROR((inputs!$B$10/100) *'master data '!P53 * inputs!$D$10,0) -> 0.975 | S54: =IFERROR((inputs!$B$11/100) *'master data '!Q53 * inputs!$D$11,0) -> 1.025 | T54: =IFERROR((inputs!$B$12/100) *'master data '!R53 * inputs!$D$12,0) -> 1.05 | U54: =IFERROR((inputs!$B$13/100) *'master data '!S53 * inputs!$D$13,0) -> 0.95 | V54: =IFERROR((inputs!$B$14/100) *'master data '!T53 * inputs!$D$14,0) -> 0.925 | W54: =IFERROR((#REF!/100) *'master data '!U53 *#REF!,0) -> 0 | X54: =IFERROR((#REF!/100) *'master data '!W53 *#REF!,0) -> 0 | Y54: =IFERROR((#REF!/100) *'master data '!X53 *#REF!,0) -> 0 | Z54: =IFERROR((#REF!/100) *'master data '!V53 *#REF!,0) -> 0 | AA54: =IFERROR((#REF!/100) *'master data '!Y53 *#REF!,0) -> 0 | AB54: =SUM(G54:AA54) -> 51.26 | AC54: =AB54 / 7 -> 7.3228571 | AD54: =AC54 -D54 -> 5.3228571 | AE54: gm | AF54: =IFERROR(AC54/D54*100,"N/A") -> 366.14286 | AG54: =AC54 -E54 -> 3.3228571 | AI54: =AC54 /E54*100 -> 183.07143
A55: Glutamine | B55: Conditional | C55: gm | D55: 5 | E55: 10 | G55: =IFERROR((inputs!$B$5/100) *'master data '!E54 * inputs!$D$5,0) -> 8.5 | H55: =IFERROR((inputs!$B$6/100) *'master data '!F54 * inputs!$D$6,0) -> 5.775 | I55: =IFERROR((inputs!$B$7/100) *'master data '!G54 * inputs!$D$7,0) -> 9.1 | J55: =IFERROR((inputs!$G$6/100) *'master data '!H54 * inputs!$I$6,0) -> 6.3 | K55: =IFERROR((inputs!$G$7/100) *'master data '!I54 * inputs!$I$7,0) -> 10.5 | L55: =IFERROR((inputs!$G$8/100) *'master data '!J54 * inputs!$I$8,0) -> 2.1 | M55: =IFERROR((inputs!$G$10/100) *'master data '!K54 * inputs!$I$10,0) -> 6.6 | N55: =IFERROR((inputs!$G$11/100) *'master data '!L54 * inputs!$I$11,0) -> 28.8 | O55: =IFERROR((inputs!$B$15/100) *'master data '!M54 * inputs!$D$15,0) -> 15 | P55: =IFERROR((inputs!$B$9/100) *'master data '!N54 * inputs!$D$9,0) -> 7.5 | Q55: =IFERROR((inputs!$G$5/100) *'master data '!O54 * inputs!$I$5,0) -> 5.88 | R55: =IFERROR((inputs!$B$10/100) *'master data '!P54 * inputs!$D$10,0) -> 2.15 | S55: =IFERROR((inputs!$B$11/100) *'master data '!Q54 * inputs!$D$11,0) -> 2.25 | T55: =IFERROR((inputs!$B$12/100) *'master data '!R54 * inputs!$D$12,0) -> 2.1 | U55: =IFERROR((inputs!$B$13/100) *'master data '!S54 * inputs!$D$13,0) -> 2 | V55: =IFERROR((inputs!$B$14/100) *'master data '!T54 * inputs!$D$14,0) -> 1.95 | W55: =IFERROR((#REF!/100) *'master data '!U54 *#REF!,0) -> 0 | X55: =IFERROR((#REF!/100) *'master data '!W54 *#REF!,0) -> 0 | Y55: =IFERROR((#REF!/100) *'master data '!X54 *#REF!,0) -> 0 | Z55: =IFERROR((#REF!/100) *'master data '!V54 *#REF!,0) -> 0 | AA55: =IFERROR((#REF!/100) *'master data '!Y54 *#REF!,0) -> 0 | AB55: =SUM(G55:AA55) -> 116.505 | AC55: =AB55 / 7 -> 16.643571 | AD55: =AC55 -D55 -> 11.643571 | AE55: gm | AF55: =IFERROR(AC55/D55*100,"N/A") -> 332.87143 | AG55: =AC55 -E55 -> 6.6435714 | AI55: =AC55 /E55*100 -> 166.43571
A56: Glycine | B56: Conditional | C56: gm | D56: 1.5 | E56: 3 | G56: =IFERROR((inputs!$B$5/100) *'master data '!E55 * inputs!$D$5,0) -> 1.7 | H56: =IFERROR((inputs!$B$6/100) *'master data '!F55 * inputs!$D$6,0) -> 0.84 | I56: =IFERROR((inputs!$B$7/100) *'master data '!G55 * inputs!$D$7,0) -> 0.84 | J56: =IFERROR((inputs!$G$6/100) *'master data '!H55 * inputs!$I$6,0) -> 1.68 | K56: =IFERROR((inputs!$G$7/100) *'master data '!I55 * inputs!$I$7,0) -> 4.2 | L56: =IFERROR((inputs!$G$8/100) *'master data '!J55 * inputs!$I$8,0) -> 0.84 | M56: =IFERROR((inputs!$G$10/100) *'master data '!K55 * inputs!$I$10,0) -> 2.2 | N56: =IFERROR((inputs!$G$11/100) *'master data '!L55 * inputs!$I$11,0) -> 8.8 | O56: =IFERROR((inputs!$B$15/100) *'master data '!M55 * inputs!$D$15,0) -> 4.5 | P56: =IFERROR((inputs!$B$9/100) *'master data '!N55 * inputs!$D$9,0) -> 2.25 | Q56: =IFERROR((inputs!$G$5/100) *'master data '!O55 * inputs!$I$5,0) -> 1.47 | R56: =IFERROR((inputs!$B$10/100) *'master data '!P55 * inputs!$D$10,0) -> 0.475 | S56: =IFERROR((inputs!$B$11/100) *'master data '!Q55 * inputs!$D$11,0) -> 0.49 | T56: =IFERROR((inputs!$B$12/100) *'master data '!R55 * inputs!$D$12,0) -> 0.5 | U56: =IFERROR((inputs!$B$13/100) *'master data '!S55 * inputs!$D$13,0) -> 0.475 | V56: =IFERROR((inputs!$B$14/100) *'master data '!T55 * inputs!$D$14,0) -> 0.45 | W56: =IFERROR((#REF!/100) *'master data '!U55 *#REF!,0) -> 0 | X56: =IFERROR((#REF!/100) *'master data '!W55 *#REF!,0) -> 0 | Y56: =IFERROR((#REF!/100) *'master data '!X55 *#REF!,0) -> 0 | Z56: =IFERROR((#REF!/100) *'master data '!V55 *#REF!,0) -> 0 | AA56: =IFERROR((#REF!/100) *'master data '!Y55 *#REF!,0) -> 0 | AB56: =SUM(G56:AA56) -> 31.71 | AC56: =AB56 / 7 -> 4.53 | AD56: =AC56 -D56 -> 3.03 | AE56: gm | AF56: =IFERROR(AC56/D56*100,"N/A") -> 302 | AG56: =AC56 -E56 -> 1.53 | AI56: =AC56 /E56*100 -> 151
... A58: Tyrosine | B58: Conditional | C58: gm | D58: 1.5 | E58: 3 | G58: =IFERROR((inputs!$B$5/100) *'master data '!E57 * inputs!$D$5,0) -> 1.3 | H58: =IFERROR((inputs!$B$6/100) *'master data '!F57 * inputs!$D$6,0) -> 1.575 | I58: =IFERROR((inputs!$B$7/100) *'master data '!G57 * inputs!$D$7,0) -> 2.24 | J58: =IFERROR((inputs!$G$6/100) *'master data '!H57 * inputs!$I$6,0) -> 1.26 | K58: =IFERROR((inputs!$G$7/100) *'master data '!I57 * inputs!$I$7,0) -> 2.8 | L58: =IFERROR((inputs!$G$8/100) *'master data '!J57 * inputs!$I$8,0) -> 0.56 | M58: =IFERROR((inputs!$G$10/100) *'master data '!K57 * inputs!$I$10,0) -> 2.2 | N58: =IFERROR((inputs!$G$11/100) *'master data '!L57 * inputs!$I$11,0) -> 6.4 | O58: =IFERROR((inputs!$B$15/100) *'master data '!M57 * inputs!$D$15,0) -> 3.75 | P58: =IFERROR((inputs!$B$9/100) *'master data '!N57 * inputs!$D$9,0) -> 1.75 | Q58: =IFERROR((inputs!$G$5/100) *'master data '!O57 * inputs!$I$5,0) -> 1.715 | R58: =IFERROR((inputs!$B$10/100) *'master data '!P57 * inputs!$D$10,0) -> 0.375 | S58: =IFERROR((inputs!$B$11/100) *'master data '!Q57 * inputs!$D$11,0) -> 0.39 | T58: =IFERROR((inputs!$B$12/100) *'master data '!R57 * inputs!$D$12,0) -> 0.39 | U58: =IFERROR((inputs!$B$13/100) *'master data '!S57 * inputs!$D$13,0) -> 0.36 | V58: =IFERROR((inputs!$B$14/100) *'master data '!T57 * inputs!$D$14,0) -> 0.35 | W58: =IFERROR((#REF!/100) *'master data '!U57 *#REF!,0) -> 0 | X58: =IFERROR((#REF!/100) *'master data '!W57 *#REF!,0) -> 0 | Y58: =IFERROR((#REF!/100) *'master data '!X57 *#REF!,0) -> 0 | Z58: =IFERROR((#REF!/100) *'master data '!V57 *#REF!,0) -> 0 | AA58: =IFERROR((#REF!/100) *'master data '!Y57 *#REF!,0) -> 0 | AB58: =SUM(G58:AA58) -> 27.415 | AC58: =AB58 / 7 -> 3.9164286 | AD58: =AC58 -D58 -> 2.4164286 | AE58: gm | AF58: =IFERROR(AC58/D58*100,"N/A") -> 261.09524 | AG58: =AC58 -E58 -> 0.91642857 | AI58: =AC58 /E58*100 -> 130.54762
A59: fats | B59: - | C59: gm | D59: 70 | E59: 45 | G59: =IFERROR((inputs!$B$5/100) *'master data '!E58 * inputs!$D$5,0) -> 2.85 | H59: =IFERROR((inputs!$B$6/100) *'master data '!F58 * inputs!$D$6,0) -> 40.95 | I59: =IFERROR((inputs!$B$7/100) *'master data '!G58 * inputs!$D$7,0) -> 1.4 | J59: =IFERROR((inputs!$G$6/100) *'master data '!H58 * inputs!$I$6,0) -> 14.7 | K59: =IFERROR((inputs!$G$7/100) *'master data '!I58 * inputs!$I$7,0) -> 107.45 | L59: =IFERROR((inputs!$G$8/100) *'master data '!J58 * inputs!$I$8,0) -> 29.54 | M59: =IFERROR((inputs!$G$10/100) *'master data '!K58 * inputs!$I$10,0) -> 43.56 | N59: =IFERROR((inputs!$G$11/100) *'master data '!L58 * inputs!$I$11,0) -> 20 | O59: =IFERROR((inputs!$B$15/100) *'master data '!M58 * inputs!$D$15,0) -> 1.25 | P59: =IFERROR((inputs!$B$9/100) *'master data '!N58 * inputs!$D$9,0) -> 15 | Q59: =IFERROR((inputs!$G$5/100) *'master data '!O58 * inputs!$I$5,0) -> 3.43 | R59: =IFERROR((inputs!$B$10/100) *'master data '!P58 * inputs!$D$10,0) -> 0.65 | S59: =IFERROR((inputs!$B$11/100) *'master data '!Q58 * inputs!$D$11,0) -> 0.7 | T59: =IFERROR((inputs!$B$12/100) *'master data '!R58 * inputs!$D$12,0) -> 0.55 | U59: =IFERROR((inputs!$B$13/100) *'master data '!S58 * inputs!$D$13,0) -> 0.75 | V59: =IFERROR((inputs!$B$14/100) *'master data '!T58 * inputs!$D$14,0) -> 0.8 | W59: =IFERROR((#REF!/100) *'master data '!U58 *#REF!,0) -> 0 | X59: =IFERROR((#REF!/100) *'master data '!W58 *#REF!,0) -> 0 | Y59: =IFERROR((#REF!/100) *'master data '!X58 *#REF!,0) -> 0 | Z59: =IFERROR((#REF!/100) *'master data '!V58 *#REF!,0) -> 0 | AA59: =IFERROR((#REF!/100) *'master data '!Y58 *#REF!,0) -> 0 | AB59: =SUM(G59:AA59) -> 283.58 | AC59: =AB59 / 7 -> 40.511429 | AD59: =AC59 -D59 -> -29.488571 | AE59: gm | AF59: =IFERROR(AC59/D59*100,"N/A") -> 57.873469 | AG59: =AC59 -E59 -> -4.4885714 | AH59: gm | AI59: =AC59 /E59*100 -> 90.025397
A60: Saturated Fat | B60: - | C60: gm | D60: 20 | E60: 8 | G60: =IFERROR((inputs!$B$5/100) *'master data '!E59 * inputs!$D$5,0) -> 1.56 | H60: =IFERROR((inputs!$B$6/100) *'master data '!F59 * inputs!$D$6,0) -> 25.2 | I60: =IFERROR((inputs!$B$7/100) *'master data '!G59 * inputs!$D$7,0) -> 0.84 | J60: =IFERROR((inputs!$G$6/100) *'master data '!H59 * inputs!$I$6,0) -> 2.52 | K60: =IFERROR((inputs!$G$7/100) *'master data '!I59 * inputs!$I$7,0) -> 11.55 | L60: =IFERROR((inputs!$G$8/100) *'master data '!J59 * inputs!$I$8,0) -> 2.59 | M60: =IFERROR((inputs!$G$10/100) *'master data '!K59 * inputs!$I$10,0) -> 13.64 | N60: =IFERROR((inputs!$G$11/100) *'master data '!L59 * inputs!$I$11,0) -> 4.8 | O60: =IFERROR((inputs!$B$15/100) *'master data '!M59 * inputs!$D$15,0) -> 0.25 | P60: =IFERROR((inputs!$B$9/100) *'master data '!N59 * inputs!$D$9,0) -> 2.5 | Q60: =IFERROR((inputs!$G$5/100) *'master data '!O59 * inputs!$I$5,0) -> 0.735 | R60: =IFERROR((inputs!$B$10/100) *'master data '!P59 * inputs!$D$10,0) -> 0.175 | S60: =IFERROR((inputs!$B$11/100) *'master data '!Q59 * inputs!$D$11,0) -> 0.19 | T60: =IFERROR((inputs!$B$12/100) *'master data '!R59 * inputs!$D$12,0) -> 0.16 | U60: =IFERROR((inputs!$B$13/100) *'master data '!S59 * inputs!$D$13,0) -> 0.225 | V60: =IFERROR((inputs!$B$14/100) *'master data '!T59 * inputs!$D$14,0) -> 0.24 | W60: =IFERROR((#REF!/100) *'master data '!U59 *#REF!,0) -> 0 | X60: =IFERROR((#REF!/100) *'master data '!W59 *#REF!,0) -> 0 | Y60: =IFERROR((#REF!/100) *'master data '!X59 *#REF!,0) -> 0 | Z60: =IFERROR((#REF!/100) *'master data '!V59 *#REF!,0) -> 0 | AA60: =IFERROR((#REF!/100) *'master data '!Y59 *#REF!,0) -> 0 | AB60: =SUM(G60:AA60) -> 67.175 | AC60: =AB60 / 7 -> 9.5964286 | AD60: =AC60 -D60 -> -10.403571 | AE60: gm | AF60: =IFERROR(AC60/D60*100,"N/A") -> 47.982143 | AG60: =AC60 -E60 -> 1.5964286 | AI60: =AC60 /E60*100 -> 119.95536
A61: MUFA | B61: - | C61: gm | D61: 10 | E61: 18 | G61: =IFERROR((inputs!$B$5/100) *'master data '!E60 * inputs!$D$5,0) -> 0.62 | H61: =IFERROR((inputs!$B$6/100) *'master data '!F60 * inputs!$D$6,0) -> 11.55 | I61: =IFERROR((inputs!$B$7/100) *'master data '!G60 * inputs!$D$7,0) -> 0.35 | J61: =IFERROR((inputs!$G$6/100) *'master data '!H60 * inputs!$I$6,0) -> 4.62 | K61: =IFERROR((inputs!$G$7/100) *'master data '!I60 * inputs!$I$7,0) -> 8.05 | L61: =IFERROR((inputs!$G$8/100) *'master data '!J60 * inputs!$I$8,0) -> 5.25 | M61: =IFERROR((inputs!$G$10/100) *'master data '!K60 * inputs!$I$10,0) -> 16.28 | N61: =IFERROR((inputs!$G$11/100) *'master data '!L60 * inputs!$I$11,0) -> 7.2 | O61: =IFERROR((inputs!$B$15/100) *'master data '!M60 * inputs!$D$15,0) -> 0.25 | P61: =IFERROR((inputs!$B$9/100) *'master data '!N60 * inputs!$D$9,0) -> 5 | Q61: =IFERROR((inputs!$G$5/100) *'master data '!O60 * inputs!$I$5,0) -> 0.98 | R61: =IFERROR((inputs!$B$10/100) *'master data '!P60 * inputs!$D$10,0) -> 0.2 | S61: =IFERROR((inputs!$B$11/100) *'master data '!Q60 * inputs!$D$11,0) -> 0.21 | T61: =IFERROR((inputs!$B$12/100) *'master data '!R60 * inputs!$D$12,0) -> 0.18 | U61: =IFERROR((inputs!$B$13/100) *'master data '!S60 * inputs!$D$13,0) -> 0.275 | V61: =IFERROR((inputs!$B$14/100) *'master data '!T60 * inputs!$D$14,0) -> 0.29 | W61: =IFERROR((#REF!/100) *'master data '!U60 *#REF!,0) -> 0 | X61: =IFERROR((#REF!/100) *'master data '!W60 *#REF!,0) -> 0 | Y61: =IFERROR((#REF!/100) *'master data '!X60 *#REF!,0) -> 0 | Z61: =IFERROR((#REF!/100) *'master data '!V60 *#REF!,0) -> 0 | AA61: =IFERROR((#REF!/100) *'master data '!Y60 *#REF!,0) -> 0 | AB61: =SUM(G61:AA61) -> 61.305 | AC61: =AB61 / 7 -> 8.7578571 | AD61: =AC61 -D61 -> -1.2421429 | AE61: gm | AF61: =IFERROR(AC61/D61*100,"N/A") -> 87.578571 | AG61: =AC61 -E61 -> -9.2421429 | AI61: =AC61 /E61*100 -> 48.654762
A62: PUFA – Omega-3 (ALA) | B62: ala | C62: gm | D62: 1.6 | E62: 2 | G62: =IFERROR((inputs!$B$5/100) *'master data '!E61 * inputs!$D$5,0) -> 0.49 | H62: =IFERROR((inputs!$B$6/100) *'master data '!F61 * inputs!$D$6,0) -> 0.525 | I62: =IFERROR((inputs!$B$7/100) *'master data '!G61 * inputs!$D$7,0) -> 0.028 | J62: =IFERROR((inputs!$G$6/100) *'master data '!H61 * inputs!$I$6,0) -> 0.21 | K62: =IFERROR((inputs!$G$7/100) *'master data '!I61 * inputs!$I$7,0) -> 62.3 | L62: =IFERROR((inputs!$G$8/100) *'master data '!J61 * inputs!$I$8,0) -> 15.96 | M62: =IFERROR((inputs!$G$10/100) *'master data '!K61 * inputs!$I$10,0) -> 0.44 | N62: =IFERROR((inputs!$G$11/100) *'master data '!L61 * inputs!$I$11,0) -> 0.16 | O62: =IFERROR((inputs!$B$15/100) *'master data '!M61 * inputs!$D$15,0) -> 0.75 | P62: =IFERROR((inputs!$B$9/100) *'master data '!N61 * inputs!$D$9,0) -> 0.5 | Q62: =IFERROR((inputs!$G$5/100) *'master data '!O61 * inputs!$I$5,0) -> 0.098 | R62: =IFERROR((inputs!$B$10/100) *'master data '!P61 * inputs!$D$10,0) -> 0.05 | S62: =IFERROR((inputs!$B$11/100) *'master data '!Q61 * inputs!$D$11,0) -> 0.055 | T62: =IFERROR((inputs!$B$12/100) *'master data '!R61 * inputs!$D$12,0) -> 0.04 | U62: =IFERROR((inputs!$B$13/100) *'master data '!S61 * inputs!$D$13,0) -> 0.05 | V62: =IFERROR((inputs!$B$14/100) *'master data '!T61 * inputs!$D$14,0) -> 0.06 | W62: =IFERROR((#REF!/100) *'master data '!U61 *#REF!,0) -> 0 | X62: =IFERROR((#REF!/100) *'master data '!W61 *#REF!,0) -> 0 | Y62: =IFERROR((#REF!/100) *'master data '!X61 *#REF!,0) -> 0 | Z62: =IFERROR((#REF!/100) *'master data '!V61 *#REF!,0) -> 0 | AA62: =IFERROR((#REF!/100) *'master data '!Y61 *#REF!,0) -> 0 | AB62: =SUM(G62:AA62) -> 81.716 | AC62: =AB62 / 7 -> 11.673714 | AD62: =AC62 -D62 -> 10.073714 | AE62: gm | AF62: =IFERROR(AC62/D62*100,"N/A") -> 729.60714 | AG62: =AC62 -E62 -> 9.6737143 | AI62: =AC62 /E62*100 -> 583.68571
A63: PUFA – Omega-3 (EPA+DHA) | B63: epa+dha | C63: gm | D63: 0.25 | E63: 1 | G63: =IFERROR((inputs!$B$5/100) *'master data '!E62 * inputs!$D$5,0) -> 0 | H63: =IFERROR((inputs!$B$6/100) *'master data '!F62 * inputs!$D$6,0) -> 0 | I63: =IFERROR((inputs!$B$7/100) *'master data '!G62 * inputs!$D$7,0) -> 0 | J63: =IFERROR((inputs!$G$6/100) *'master data '!H62 * inputs!$I$6,0) -> 0 | K63: =IFERROR((inputs!$G$7/100) *'master data '!I62 * inputs!$I$7,0) -> 0 | L63: =IFERROR((inputs!$G$8/100) *'master data '!J62 * inputs!$I$8,0) -> 0 | M63: =IFERROR((inputs!$G$10/100) *'master data '!K62 * inputs!$I$10,0) -> 0.44 | N63: =IFERROR((inputs!$G$11/100) *'master data '!L62 * inputs!$I$11,0) -> 0.56 | O63: =IFERROR((inputs!$B$15/100) *'master data '!M62 * inputs!$D$15,0) -> 0 | P63: =IFERROR((inputs!$B$9/100) *'master data '!N62 * inputs!$D$9,0) -> 0 | Q63: =IFERROR((inputs!$G$5/100) *'master data '!O62 * inputs!$I$5,0) -> 0 | R63: =IFERROR((inputs!$B$10/100) *'master data '!P62 * inputs!$D$10,0) -> 0 | S63: =IFERROR((inputs!$B$11/100) *'master data '!Q62 * inputs!$D$11,0) -> 0 | T63: =IFERROR((inputs!$B$12/100) *'master data '!R62 * inputs!$D$12,0) -> 0 | U63: =IFERROR((inputs!$B$13/100) *'master data '!S62 * inputs!$D$13,0) -> 0 | V63: =IFERROR((inputs!$B$14/100) *'master data '!T62 * inputs!$D$14,0) -> 0 | W63: =IFERROR((#REF!/100) *'master data '!U62 *#REF!,0) -> 0 | X63: =IFERROR((#REF!/100) *'master data '!W62 *#REF!,0) -> 0 | Y63: =IFERROR((#REF!/100) *'master data '!X62 *#REF!,0) -> 0 | Z63: =IFERROR((#REF!/100) *'master data '!V62 *#REF!,0) -> 0 | AA63: =IFERROR((#REF!/100) *'master data '!Y62 *#REF!,0) -> 0 | AB63: =SUM(G63:AA63) -> 1 | AC63: =AB63 / 7 -> 0.14285714 | AD63: =AC63 -D63 -> -0.10714286 | AE63: gm | AF63: =IFERROR(AC63/D63*100,"N/A") -> 57.142857 | AG63: =AC63 -E63 -> -0.85714286 | AI63: =AC63 /E63*100 -> 14.285714
A64: PUFA – Omega-6 (LA) | B64: la | C64: gm | D64: 12 | E64: 10 | G64: =IFERROR((inputs!$B$5/100) *'master data '!E63 * inputs!$D$5,0) -> 0.07 | H64: =IFERROR((inputs!$B$6/100) *'master data '!F63 * inputs!$D$6,0) -> 1.05 | I64: =IFERROR((inputs!$B$7/100) *'master data '!G63 * inputs!$D$7,0) -> 0.098 | J64: =IFERROR((inputs!$G$6/100) *'master data '!H63 * inputs!$I$6,0) -> 5.25 | K64: =IFERROR((inputs!$G$7/100) *'master data '!I63 * inputs!$I$7,0) -> 20.3 | L64: =IFERROR((inputs!$G$8/100) *'master data '!J63 * inputs!$I$8,0) -> 4.55 | M64: =IFERROR((inputs!$G$10/100) *'master data '!K63 * inputs!$I$10,0) -> 5.72 | N64: =IFERROR((inputs!$G$11/100) *'master data '!L63 * inputs!$I$11,0) -> 3.6 | O64: =IFERROR((inputs!$B$15/100) *'master data '!M63 * inputs!$D$15,0) -> 0.25 | P64: =IFERROR((inputs!$B$9/100) *'master data '!N63 * inputs!$D$9,0) -> 7.5 | Q64: =IFERROR((inputs!$G$5/100) *'master data '!O63 * inputs!$I$5,0) -> 0.98 | R64: =IFERROR((inputs!$B$10/100) *'master data '!P63 * inputs!$D$10,0) -> 0.225 | S64: =IFERROR((inputs!$B$11/100) *'master data '!Q63 * inputs!$D$11,0) -> 0.24 | T64: =IFERROR((inputs!$B$12/100) *'master data '!R63 * inputs!$D$12,0) -> 0.2 | U64: =IFERROR((inputs!$B$13/100) *'master data '!S63 * inputs!$D$13,0) -> 0.325 | V64: =IFERROR((inputs!$B$14/100) *'master data '!T63 * inputs!$D$14,0) -> 0.35 | W64: =IFERROR((#REF!/100) *'master data '!U63 *#REF!,0) -> 0 | X64: =IFERROR((#REF!/100) *'master data '!W63 *#REF!,0) -> 0 | Y64: =IFERROR((#REF!/100) *'master data '!X63 *#REF!,0) -> 0 | Z64: =IFERROR((#REF!/100) *'master data '!V63 *#REF!,0) -> 0 | AA64: =IFERROR((#REF!/100) *'master data '!Y63 *#REF!,0) -> 0 | AB64: =SUM(G64:AA64) -> 50.708 | AC64: =AB64 / 7 -> 7.244 | AD64: =AC64 -D64 -> -4.756 | AE64: gm | AF64: =IFERROR(AC64/D64*100,"N/A") -> 60.366667 | AG64: =AC64 -E64 -> -2.756 | AI64: =AC64 /E64*100 -> 72.44
A65: PUFA – Omega-6 (AA) | B65: aa | C65: gm | D65: 0.3 | E65: 1 | G65: =IFERROR((inputs!$B$5/100) *'master data '!E64 * inputs!$D$5,0) -> 0 | H65: =IFERROR((inputs!$B$6/100) *'master data '!F64 * inputs!$D$6,0) -> 0 | I65: =IFERROR((inputs!$B$7/100) *'master data '!G64 * inputs!$D$7,0) -> 0 | J65: =IFERROR((inputs!$G$6/100) *'master data '!H64 * inputs!$I$6,0) -> 0 | K65: =IFERROR((inputs!$G$7/100) *'master data '!I64 * inputs!$I$7,0) -> 0 | L65: =IFERROR((inputs!$G$8/100) *'master data '!J64 * inputs!$I$8,0) -> 0 | M65: =IFERROR((inputs!$G$10/100) *'master data '!K64 * inputs!$I$10,0) -> 0 | N65: =IFERROR((inputs!$G$11/100) *'master data '!L64 * inputs!$I$11,0) -> 0.64 | O65: =IFERROR((inputs!$B$15/100) *'master data '!M64 * inputs!$D$15,0) -> 0 | P65: =IFERROR((inputs!$B$9/100) *'master data '!N64 * inputs!$D$9,0) -> 0 | Q65: =IFERROR((inputs!$G$5/100) *'master data '!O64 * inputs!$I$5,0) -> 0 | R65: =IFERROR((inputs!$B$10/100) *'master data '!P64 * inputs!$D$10,0) -> 0 | S65: =IFERROR((inputs!$B$11/100) *'master data '!Q64 * inputs!$D$11,0) -> 0 | T65: =IFERROR((inputs!$B$12/100) *'master data '!R64 * inputs!$D$12,0) -> 0 | U65: =IFERROR((inputs!$B$13/100) *'master data '!S64 * inputs!$D$13,0) -> 0 | V65: =IFERROR((inputs!$B$14/100) *'master data '!T64 * inputs!$D$14,0) -> 0 | W65: =IFERROR((#REF!/100) *'master data '!U64 *#REF!,0) -> 0 | X65: =IFERROR((#REF!/100) *'master data '!W64 *#REF!,0) -> 0 | Y65: =IFERROR((#REF!/100) *'master data '!X64 *#REF!,0) -> 0 | Z65: =IFERROR((#REF!/100) *'master data '!V64 *#REF!,0) -> 0 | AA65: =IFERROR((#REF!/100) *'master data '!Y64 *#REF!,0) -> 0 | AB65: =SUM(G65:AA65) -> 0.64 | AC65: =AB65 / 7 -> 0.091428571 | AD65: =AC65 -D65 -> -0.20857143 | AE65: gm | AF65: =IFERROR(AC65/D65*100,"N/A") -> 30.47619 | AG65: =AC65 -E65 -> -0.90857143 | AI65: =AC65 /E65*100 -> 9.1428571
A66: Ratio O6:O3 | B66: ratio | D66: 0.41736111 | E66: 0.16736111 | G66: =IFERROR((inputs!$B$5/100) *'master data '!E65 * inputs!$D$5,0) -> 2.5 | H66: =IFERROR((inputs!$B$6/100) *'master data '!F65 * inputs!$D$6,0) -> 21 | I66: =IFERROR((inputs!$B$7/100) *'master data '!G65 * inputs!$D$7,0) -> 0 | J66: =IFERROR((inputs!$G$6/100) *'master data '!H65 * inputs!$I$6,0) -> 1.3139583 | K66: =IFERROR((inputs!$G$7/100) *'master data '!I65 * inputs!$I$7,0) -> 0.153125 | L66: =IFERROR((inputs!$G$8/100) *'master data '!J65 * inputs!$I$8,0) -> 0.00051446759 | M66: =IFERROR((inputs!$G$10/100) *'master data '!K65 * inputs!$I$10,0) -> 2.3863889 | N66: =IFERROR((inputs!$G$11/100) *'master data '!L65 * inputs!$I$11,0) -> 44 | O66: =IFERROR((inputs!$B$15/100) *'master data '!M65 * inputs!$D$15,0) -> 0.52256944 | P66: =IFERROR((inputs!$B$9/100) *'master data '!N65 * inputs!$D$9,0) -> 1.5642361 | Q66: =IFERROR((inputs!$G$5/100) *'master data '!O65 * inputs!$I$5,0) -> 2.0450694 | R66: =IFERROR((inputs!$B$10/100) *'master data '!P65 * inputs!$D$10,0) -> 2.25 | S66: =IFERROR((inputs!$B$11/100) *'master data '!Q65 * inputs!$D$11,0) -> 2.2 | T66: =IFERROR((inputs!$B$12/100) *'master data '!R65 * inputs!$D$12,0) -> 2.5 | U66: =IFERROR((inputs!$B$13/100) *'master data '!S65 * inputs!$D$13,0) -> 3.25 | V66: =IFERROR((inputs!$B$14/100) *'master data '!T65 * inputs!$D$14,0) -> 2.9 | W66: =IFERROR((#REF!/100) *'master data '!U65 *#REF!,0) -> 0 | X66: =IFERROR((#REF!/100) *'master data '!W65 *#REF!,0) -> 0 | Y66: =IFERROR((#REF!/100) *'master data '!X65 *#REF!,0) -> 0 | Z66: =IFERROR((#REF!/100) *'master data '!V65 *#REF!,0) -> 0 | AA66: =IFERROR((#REF!/100) *'master data '!Y65 *#REF!,0) -> 0 | AB66: =SUM(G66:AA66) -> 88.585862 | AC66: =AB66 / 7 -> 12.655123 | AD66: =AC66 -D66 -> 12.237762 | AE66: gm | AF66: =IFERROR(AC66/D66*100,"N/A") -> 3032.1759 | AG66: =AC66 -E66 -> 12.487762 | AI66: =AC66 /E66*100 -> 7561.5673
A67: Ratio Sat:Unsat | B67: ratio | D67: 0.042361111 | E67: 0.043055556 | G67: =IFERROR((inputs!$B$5/100) *'master data '!E66 * inputs!$D$5,0) -> 0.45 | H67: =IFERROR((inputs!$B$6/100) *'master data '!F66 * inputs!$D$6,0) -> 11.55 | I67: =IFERROR((inputs!$B$7/100) *'master data '!G66 * inputs!$D$7,0) -> 0 | J67: =IFERROR((inputs!$G$6/100) *'master data '!H66 * inputs!$I$6,0) -> 0.84 | K67: =IFERROR((inputs!$G$7/100) *'master data '!I66 * inputs!$I$7,0) -> 0.35 | L67: =IFERROR((inputs!$G$8/100) *'master data '!J66 * inputs!$I$8,0) -> 0.07 | M67: =IFERROR((inputs!$G$10/100) *'master data '!K66 * inputs!$I$10,0) -> 2.024 | N67: =IFERROR((inputs!$G$11/100) *'master data '!L66 * inputs!$I$11,0) -> 2.4 | O67: =IFERROR((inputs!$B$15/100) *'master data '!M66 * inputs!$D$15,0) -> 0.5 | P67: =IFERROR((inputs!$B$9/100) *'master data '!N66 * inputs!$D$9,0) -> 0.75 | Q67: =IFERROR((inputs!$G$5/100) *'master data '!O66 * inputs!$I$5,0) -> 0 | R67: =IFERROR((inputs!$B$10/100) *'master data '!P66 * inputs!$D$10,0) -> 0.185 | S67: =IFERROR((inputs!$B$11/100) *'master data '!Q66 * inputs!$D$11,0) -> 0.19 | T67: =IFERROR((inputs!$B$12/100) *'master data '!R66 * inputs!$D$12,0) -> 0.205 | U67: =IFERROR((inputs!$B$13/100) *'master data '!S66 * inputs!$D$13,0) -> 0.215 | V67: =IFERROR((inputs!$B$14/100) *'master data '!T66 * inputs!$D$14,0) -> 0.21 | W67: =IFERROR((#REF!/100) *'master data '!U66 *#REF!,0) -> 0 | X67: =IFERROR((#REF!/100) *'master data '!W66 *#REF!,0) -> 0 | Y67: =IFERROR((#REF!/100) *'master data '!X66 *#REF!,0) -> 0 | Z67: =IFERROR((#REF!/100) *'master data '!V66 *#REF!,0) -> 0 | AA67: =IFERROR((#REF!/100) *'master data '!Y66 *#REF!,0) -> 0 | AB67: =SUM(G67:AA67) -> 19.939 | AC67: =AB67 / 7 -> 2.8484286 | AD67: =AC67 -D67 -> 2.8060675 | AE67: gm | AF67: =IFERROR(AC67/D67*100,"N/A") -> 6724.1593 | AG67: =AC67 -E67 -> 2.805373 | AI67: =AC67 /E67*100 -> 6615.7051
A68: fibre | B68: - | C68: gm | D68: 25 | E68: 30 | G68: =IFERROR((inputs!$B$5/100) *'master data '!E67 * inputs!$D$5,0) -> 0 | H68: =IFERROR((inputs!$B$6/100) *'master data '!F67 * inputs!$D$6,0) -> 0 | I68: =IFERROR((inputs!$B$7/100) *'master data '!G67 * inputs!$D$7,0) -> 0 | J68: =IFERROR((inputs!$G$6/100) *'master data '!H67 * inputs!$I$6,0) -> 21 | K68: =IFERROR((inputs!$G$7/100) *'master data '!I67 * inputs!$I$7,0) -> 120.4 | L68: =IFERROR((inputs!$G$8/100) *'master data '!J67 * inputs!$I$8,0) -> 19.11 | M68: =IFERROR((inputs!$G$10/100) *'master data '!K67 * inputs!$I$10,0) -> 0 | N68: =IFERROR((inputs!$G$11/100) *'master data '!L67 * inputs!$I$11,0) -> 0 | O68: =IFERROR((inputs!$B$15/100) *'master data '!M67 * inputs!$D$15,0) -> 32.5 | P68: =IFERROR((inputs!$B$9/100) *'master data '!N67 * inputs!$D$9,0) -> 45 | Q68: =IFERROR((inputs!$G$5/100) *'master data '!O67 * inputs!$I$5,0) -> 6.37 | R68: =IFERROR((inputs!$B$10/100) *'master data '!P67 * inputs!$D$10,0) -> 8.15 | S68: =IFERROR((inputs!$B$11/100) *'master data '!Q67 * inputs!$D$11,0) -> 8.4 | T68: =IFERROR((inputs!$B$12/100) *'master data '!R67 * inputs!$D$12,0) -> 7.8 | U68: =IFERROR((inputs!$B$13/100) *'master data '!S67 * inputs!$D$13,0) -> 12.5 | V68: =IFERROR((inputs!$B$14/100) *'master data '!T67 * inputs!$D$14,0) -> 9.45 | W68: =IFERROR((#REF!/100) *'master data '!U67 *#REF!,0) -> 0 | X68: =IFERROR((#REF!/100) *'master data '!W67 *#REF!,0) -> 0 | Y68: =IFERROR((#REF!/100) *'master data '!X67 *#REF!,0) -> 0 | Z68: =IFERROR((#REF!/100) *'master data '!V67 *#REF!,0) -> 0 | AA68: =IFERROR((#REF!/100) *'master data '!Y67 *#REF!,0) -> 0 | AB68: =SUM(G68:AA68) -> 290.68 | AC68: =AB68 / 7 -> 41.525714 | AD68: =AC68 -D68 -> 16.525714 | AE68: gm | AF68: =IFERROR(AC68/D68*100,"N/A") -> 166.10286 | AG68: =AC68 -E68 -> 11.525714 | AH68: gm | AI68: =AC68 /E68*100 -> 138.41905
A69: Fiber – Soluble | B69: soluble | C69: gm | D69: 5 | E69: 12 | G69: =IFERROR((inputs!$B$5/100) *'master data '!E68 * inputs!$D$5,0) -> 0 | H69: =IFERROR((inputs!$B$6/100) *'master data '!F68 * inputs!$D$6,0) -> 0 | I69: =IFERROR((inputs!$B$7/100) *'master data '!G68 * inputs!$D$7,0) -> 0 | J69: =IFERROR((inputs!$G$6/100) *'master data '!H68 * inputs!$I$6,0) -> 8.4 | K69: =IFERROR((inputs!$G$7/100) *'master data '!I68 * inputs!$I$7,0) -> 35 | L69: =IFERROR((inputs!$G$8/100) *'master data '!J68 * inputs!$I$8,0) -> 5.25 | M69: =IFERROR((inputs!$G$10/100) *'master data '!K68 * inputs!$I$10,0) -> 0 | N69: =IFERROR((inputs!$G$11/100) *'master data '!L68 * inputs!$I$11,0) -> 0 | O69: =IFERROR((inputs!$B$15/100) *'master data '!M68 * inputs!$D$15,0) -> 7.5 | P69: =IFERROR((inputs!$B$9/100) *'master data '!N68 * inputs!$D$9,0) -> 10 | Q69: =IFERROR((inputs!$G$5/100) *'master data '!O68 * inputs!$I$5,0) -> 1.47 | R69: =IFERROR((inputs!$B$10/100) *'master data '!P68 * inputs!$D$10,0) -> 2.6 | S69: =IFERROR((inputs!$B$11/100) *'master data '!Q68 * inputs!$D$11,0) -> 2.7 | T69: =IFERROR((inputs!$B$12/100) *'master data '!R68 * inputs!$D$12,0) -> 2.5 | U69: =IFERROR((inputs!$B$13/100) *'master data '!S68 * inputs!$D$13,0) -> 3.25 | V69: =IFERROR((inputs!$B$14/100) *'master data '!T68 * inputs!$D$14,0) -> 2.9 | W69: =IFERROR((#REF!/100) *'master data '!U68 *#REF!,0) -> 0 | X69: =IFERROR((#REF!/100) *'master data '!W68 *#REF!,0) -> 0 | Y69: =IFERROR((#REF!/100) *'master data '!X68 *#REF!,0) -> 0 | Z69: =IFERROR((#REF!/100) *'master data '!V68 *#REF!,0) -> 0 | AA69: =IFERROR((#REF!/100) *'master data '!Y68 *#REF!,0) -> 0 | AB69: =SUM(G69:AA69) -> 81.57 | AC69: =AB69 / 7 -> 11.652857 | AD69: =AC69 -D69 -> 6.6528571 | AE69: gm | AF69: =IFERROR(AC69/D69*100,"N/A") -> 233.05714 | AG69: =AC69 -E69 -> -0.34714286 | AI69: =AC69 /E69*100 -> 97.107143
A70: Fiber – Insoluble | B70: insoluble | C70: gm | D70: 5 | E70: 12 | G70: =IFERROR((inputs!$B$5/100) *'master data '!E69 * inputs!$D$5,0) -> 0 | H70: =IFERROR((inputs!$B$6/100) *'master data '!F69 * inputs!$D$6,0) -> 0 | I70: =IFERROR((inputs!$B$7/100) *'master data '!G69 * inputs!$D$7,0) -> 0 | J70: =IFERROR((inputs!$G$6/100) *'master data '!H69 * inputs!$I$6,0) -> 12.6 | K70: =IFERROR((inputs!$G$7/100) *'master data '!I69 * inputs!$I$7,0) -> 85.4 | L70: =IFERROR((inputs!$G$8/100) *'master data '!J69 * inputs!$I$8,0) -> 13.86 | M70: =IFERROR((inputs!$G$10/100) *'master data '!K69 * inputs!$I$10,0) -> 0 | N70: =IFERROR((inputs!$G$11/100) *'master data '!L69 * inputs!$I$11,0) -> 0 | O70: =IFERROR((inputs!$B$15/100) *'master data '!M69 * inputs!$D$15,0) -> 25 | P70: =IFERROR((inputs!$B$9/100) *'master data '!N69 * inputs!$D$9,0) -> 35 | Q70: =IFERROR((inputs!$G$5/100) *'master data '!O69 * inputs!$I$5,0) -> 4.9 | R70: =IFERROR((inputs!$B$10/100) *'master data '!P69 * inputs!$D$10,0) -> 4.7 | S70: =IFERROR((inputs!$B$11/100) *'master data '!Q69 * inputs!$D$11,0) -> 4.85 | T70: =IFERROR((inputs!$B$12/100) *'master data '!R69 * inputs!$D$12,0) -> 4.5 | U70: =IFERROR((inputs!$B$13/100) *'master data '!S69 * inputs!$D$13,0) -> 8.25 | V70: =IFERROR((inputs!$B$14/100) *'master data '!T69 * inputs!$D$14,0) -> 5.6 | W70: =IFERROR((#REF!/100) *'master data '!U69 *#REF!,0) -> 0 | X70: =IFERROR((#REF!/100) *'master data '!W69 *#REF!,0) -> 0 | Y70: =IFERROR((#REF!/100) *'master data '!X69 *#REF!,0) -> 0 | Z70: =IFERROR((#REF!/100) *'master data '!V69 *#REF!,0) -> 0 | AA70: =IFERROR((#REF!/100) *'master data '!Y69 *#REF!,0) -> 0 | AB70: =SUM(G70:AA70) -> 204.66 | AC70: =AB70 / 7 -> 29.237143 | AD70: =AC70 -D70 -> 24.237143 | AE70: gm | AF70: =IFERROR(AC70/D70*100,"N/A") -> 584.74286 | AG70: =AC70 -E70 -> 17.237143 | AI70: =AC70 /E70*100 -> 243.64286
A71: Resistant starch | B71: starch | C71: gm | D71: 3 | E71: 6 | G71: =IFERROR((inputs!$B$5/100) *'master data '!E70 * inputs!$D$5,0) -> 0 | H71: =IFERROR((inputs!$B$6/100) *'master data '!F70 * inputs!$D$6,0) -> 0 | I71: =IFERROR((inputs!$B$7/100) *'master data '!G70 * inputs!$D$7,0) -> 0 | J71: =IFERROR((inputs!$G$6/100) *'master data '!H70 * inputs!$I$6,0) -> 6.3 | K71: =IFERROR((inputs!$G$7/100) *'master data '!I70 * inputs!$I$7,0) -> 1.75 | L71: =IFERROR((inputs!$G$8/100) *'master data '!J70 * inputs!$I$8,0) -> 0.35 | M71: =IFERROR((inputs!$G$10/100) *'master data '!K70 * inputs!$I$10,0) -> 0 | N71: =IFERROR((inputs!$G$11/100) *'master data '!L70 * inputs!$I$11,0) -> 0 | O71: =IFERROR((inputs!$B$15/100) *'master data '!M70 * inputs!$D$15,0) -> 2.5 | P71: =IFERROR((inputs!$B$9/100) *'master data '!N70 * inputs!$D$9,0) -> 5 | Q71: =IFERROR((inputs!$G$5/100) *'master data '!O70 * inputs!$I$5,0) -> 2.45 | R71: =IFERROR((inputs!$B$10/100) *'master data '!P70 * inputs!$D$10,0) -> 0.85 | S71: =IFERROR((inputs!$B$11/100) *'master data '!Q70 * inputs!$D$11,0) -> 0.85 | T71: =IFERROR((inputs!$B$12/100) *'master data '!R70 * inputs!$D$12,0) -> 0.8 | U71: =IFERROR((inputs!$B$13/100) *'master data '!S70 * inputs!$D$13,0) -> 1 | V71: =IFERROR((inputs!$B$14/100) *'master data '!T70 * inputs!$D$14,0) -> 0.95 | W71: =IFERROR((#REF!/100) *'master data '!U70 *#REF!,0) -> 0 | X71: =IFERROR((#REF!/100) *'master data '!W70 *#REF!,0) -> 0 | Y71: =IFERROR((#REF!/100) *'master data '!X70 *#REF!,0) -> 0 | Z71: =IFERROR((#REF!/100) *'master data '!V70 *#REF!,0) -> 0 | AA71: =IFERROR((#REF!/100) *'master data '!Y70 *#REF!,0) -> 0 | AB71: =SUM(G71:AA71) -> 22.8 | AC71: =AB71 / 7 -> 3.2571429 | AD71: =AC71 -D71 -> 0.25714286 | AE71: gm | AF71: =IFERROR(AC71/D71*100,"N/A") -> 108.57143 | AG71: =AC71 -E71 -> -2.7428571 | AI71: =AC71 /E71*100 -> 54.285714
A73: Glutathione | B73: Endogenous (needs cysteine, glycine, glutamate) | C73: mg | D73: 0 | E73: 250 | G73: =IFERROR((inputs!$B$5/100) *'master data '!E72 * inputs!$D$5,0) -> 0 | I73: =IFERROR((inputs!$B$7/100) *'master data '!G72 * inputs!$D$7,0) -> 2.8 | J73: =IFERROR((inputs!$G$6/100) *'master data '!H72 * inputs!$I$6,0) -> 42 | K73: =IFERROR((inputs!$G$7/100) *'master data '!I72 * inputs!$I$7,0) -> 7 | L73: =IFERROR((inputs!$G$8/100) *'master data '!J72 * inputs!$I$8,0) -> 1.4 | M73: =IFERROR((inputs!$G$10/100) *'master data '!K72 * inputs!$I$10,0) -> 44 | N73: =IFERROR((inputs!$G$11/100) *'master data '!L72 * inputs!$I$11,0) -> 0 | O73: =IFERROR((inputs!$B$15/100) *'master data '!M72 * inputs!$D$15,0) -> 62.5 | P73: =IFERROR((inputs!$B$9/100) *'master data '!N72 * inputs!$D$9,0) -> 37.5 | Q73: =IFERROR((inputs!$G$5/100) *'master data '!O72 * inputs!$I$5,0) -> 0 | R73: =IFERROR((inputs!$B$10/100) *'master data '!P72 * inputs!$D$10,0) -> 0 | S73: =IFERROR((inputs!$B$11/100) *'master data '!Q72 * inputs!$D$11,0) -> 0 | T73: =IFERROR((inputs!$B$12/100) *'master data '!R72 * inputs!$D$12,0) -> 0 | U73: =IFERROR((inputs!$B$13/100) *'master data '!S72 * inputs!$D$13,0) -> 0 | V73: =IFERROR((inputs!$B$14/100) *'master data '!T72 * inputs!$D$14,0) -> 0 | AB73: =SUM(G73:AA73) -> 197.2 | AC73: =AB73 / 7 -> 28.171429 | AD73: =AC73 -D73 -> 28.171429 | AE73: =C73 -> mg | AF73: =IFERROR(AC73/D73*100,"N/A") -> N/A | AG73: =AC73 -E73 -> -221.82857 | AI73: =AC73 /E73*100 -> 11.268571
A74: CoQ10 | B74: Endogenous (liver makes, drops with age) | C74: mg | D74: 0 | E74: 150 | G74: =IFERROR((inputs!$B$5/100) *'master data '!E73 * inputs!$D$5,0) -> 0 | I74: =IFERROR((inputs!$B$7/100) *'master data '!G73 * inputs!$D$7,0) -> 0.028 | J74: =IFERROR((inputs!$G$6/100) *'master data '!H73 * inputs!$I$6,0) -> 0.63 | K74: =IFERROR((inputs!$G$7/100) *'master data '!I73 * inputs!$I$7,0) -> 2.1 | L74: =IFERROR((inputs!$G$8/100) *'master data '!J73 * inputs!$I$8,0) -> 0.42 | M74: =IFERROR((inputs!$G$10/100) *'master data '!K73 * inputs!$I$10,0) -> 0.44 | N74: =IFERROR((inputs!$G$11/100) *'master data '!L73 * inputs!$I$11,0) -> 0 | O74: =IFERROR((inputs!$B$15/100) *'master data '!M73 * inputs!$D$15,0) -> 1.25 | P74: =IFERROR((inputs!$B$9/100) *'master data '!N73 * inputs!$D$9,0) -> 1 | Q74: =IFERROR((inputs!$G$5/100) *'master data '!O73 * inputs!$I$5,0) -> 0 | R74: =IFERROR((inputs!$B$10/100) *'master data '!P73 * inputs!$D$10,0) -> 0 | S74: =IFERROR((inputs!$B$11/100) *'master data '!Q73 * inputs!$D$11,0) -> 0 | T74: =IFERROR((inputs!$B$12/100) *'master data '!R73 * inputs!$D$12,0) -> 0 | U74: =IFERROR((inputs!$B$13/100) *'master data '!S73 * inputs!$D$13,0) -> 0 | V74: =IFERROR((inputs!$B$14/100) *'master data '!T73 * inputs!$D$14,0) -> 0 | AB74: =SUM(G74:AA74) -> 5.868 | AC74: =AB74 / 7 -> 0.83828571 | AD74: =AC74 -D74 -> 0.83828571 | AE74: =C74 -> mg | AF74: =IFERROR(AC74/D74*100,"N/A") -> N/A | AG74: =AC74 -E74 -> -149.16171 | AI74: =AC74 /E74*100 -> 0.55885714
A75: Alpha-lipoic acid (ALA) | B75: Endogenous (small) | C75: mg | D75: 0 | E75: 150 | G75: =IFERROR((inputs!$B$5/100) *'master data '!E74 * inputs!$D$5,0) -> 0 | I75: =IFERROR((inputs!$B$7/100) *'master data '!G74 * inputs!$D$7,0) -> 0 | J75: =IFERROR((inputs!$G$6/100) *'master data '!H74 * inputs!$I$6,0) -> 0.21 | K75: =IFERROR((inputs!$G$7/100) *'master data '!I74 * inputs!$I$7,0) -> 0 | L75: =IFERROR((inputs!$G$8/100) *'master data '!J74 * inputs!$I$8,0) -> 0 | M75: =IFERROR((inputs!$G$10/100) *'master data '!K74 * inputs!$I$10,0) -> 0 | N75: =IFERROR((inputs!$G$11/100) *'master data '!L74 * inputs!$I$11,0) -> 0 | O75: =IFERROR((inputs!$B$15/100) *'master data '!M74 * inputs!$D$15,0) -> 0.25 | P75: =IFERROR((inputs!$B$9/100) *'master data '!N74 * inputs!$D$9,0) -> 0.125 | Q75: =IFERROR((inputs!$G$5/100) *'master data '!O74 * inputs!$I$5,0) -> 0 | R75: =IFERROR((inputs!$B$10/100) *'master data '!P74 * inputs!$D$10,0) -> 0 | S75: =IFERROR((inputs!$B$11/100) *'master data '!Q74 * inputs!$D$11,0) -> 0 | T75: =IFERROR((inputs!$B$12/100) *'master data '!R74 * inputs!$D$12,0) -> 0 | U75: =IFERROR((inputs!$B$13/100) *'master data '!S74 * inputs!$D$13,0) -> 0 | V75: =IFERROR((inputs!$B$14/100) *'master data '!T74 * inputs!$D$14,0) -> 0 | AB75: =SUM(G75:AA75) -> 0.585 | AC75: =AB75 / 7 -> 0.083571429 | AD75: =AC75 -D75 -> 0.083571429 | AE75: =C75 -> mg | AF75: =IFERROR(AC75/D75*100,"N/A") -> N/A | AG75: =AC75 -E75 -> -149.91643 | AI75: =AC75 /E75*100 -> 0.055714286
A76: NAC (cysteine source) | B76: Endogenous precursor | C76: mg | D76: 0 | E76: 600 | G76: =IFERROR((inputs!$B$5/100) *'master data '!E75 * inputs!$D$5,0) -> 0 | I76: =IFERROR((inputs!$B$7/100) *'master data '!G75 * inputs!$D$7,0) -> 0 | J76: =IFERROR((inputs!$G$6/100) *'master data '!H75 * inputs!$I$6,0) -> 0 | K76: =IFERROR((inputs!$G$7/100) *'master data '!I75 * inputs!$I$7,0) -> 0 | L76: =IFERROR((inputs!$G$8/100) *'master data '!J75 * inputs!$I$8,0) -> 0 | M76: =IFERROR((inputs!$G$10/100) *'master data '!K75 * inputs!$I$10,0) -> 0 | N76: =IFERROR((inputs!$G$11/100) *'master data '!L75 * inputs!$I$11,0) -> 0 | O76: =IFERROR((inputs!$B$15/100) *'master data '!M75 * inputs!$D$15,0) -> 0 | P76: =IFERROR((inputs!$B$9/100) *'master data '!N75 * inputs!$D$9,0) -> 0 | Q76: =IFERROR((inputs!$G$5/100) *'master data '!O75 * inputs!$I$5,0) -> 0 | R76: =IFERROR((inputs!$B$10/100) *'master data '!P75 * inputs!$D$10,0) -> 0 | S76: =IFERROR((inputs!$B$11/100) *'master data '!Q75 * inputs!$D$11,0) -> 0 | T76: =IFERROR((inputs!$B$12/100) *'master data '!R75 * inputs!$D$12,0) -> 0 | U76: =IFERROR((inputs!$B$13/100) *'master data '!S75 * inputs!$D$13,0) -> 0 | V76: =IFERROR((inputs!$B$14/100) *'master data '!T75 * inputs!$D$14,0) -> 0 | AB76: =SUM(G76:AA76) -> 0 | AC76: =AB76 / 7 -> 0 | AD76: =AC76 -D76 -> 0 | AE76: =C76 -> mg | AF76: =IFERROR(AC76/D76*100,"N/A") -> N/A | AG76: =AC76 -E76 -> -600 | AI76: =AC76 /E76*100 -> 0
A77: Choline (essential, like B-vitamin) | C77: mg | D77: 500 | E77: 500 | G77: =IFERROR((inputs!$B$5/100) *'master data '!E76 * inputs!$D$5,0) -> 0 | I77: =IFERROR((inputs!$B$7/100) *'master data '!G76 * inputs!$D$7,0) -> 154 | J77: =IFERROR((inputs!$G$6/100) *'master data '!H76 * inputs!$I$6,0) -> 84 | K77: =IFERROR((inputs!$G$7/100) *'master data '!I76 * inputs!$I$7,0) -> 210 | L77: =IFERROR((inputs!$G$8/100) *'master data '!J76 * inputs!$I$8,0) -> 45.5 | M77: =IFERROR((inputs!$G$10/100) *'master data '!K76 * inputs!$I$10,0) -> 1104.4 | N77: =IFERROR((inputs!$G$11/100) *'master data '!L76 * inputs!$I$11,0) -> 0 | O77: =IFERROR((inputs!$B$15/100) *'master data '!M76 * inputs!$D$15,0) -> 275 | P77: =IFERROR((inputs!$B$9/100) *'master data '!N76 * inputs!$D$9,0) -> 100 | Q77: =IFERROR((inputs!$G$5/100) *'master data '!O76 * inputs!$I$5,0) -> 0 | R77: =IFERROR((inputs!$B$10/100) *'master data '!P76 * inputs!$D$10,0) -> 0 | S77: =IFERROR((inputs!$B$11/100) *'master data '!Q76 * inputs!$D$11,0) -> 0 | T77: =IFERROR((inputs!$B$12/100) *'master data '!R76 * inputs!$D$12,0) -> 0 | U77: =IFERROR((inputs!$B$13/100) *'master data '!S76 * inputs!$D$13,0) -> 0 | V77: =IFERROR((inputs!$B$14/100) *'master data '!T76 * inputs!$D$14,0) -> 0 | AB77: =SUM(G77:AA77) -> 1972.9 | AC77: =AB77 / 7 -> 281.84286 | AD77: =AC77 -D77 -> -218.15714 | AE77: =C77 -> mg | AF77: =IFERROR(AC77/D77*100,"N/A") -> 56.368571 | AG77: =AC77 -E77 -> -218.15714 | AI77: =AC77 /E77*100 -> 56.368571
A78: Carnitine (Acetyl-L-Carnitine) | C78: mg | E78: 750 | G78: =IFERROR((inputs!$B$5/100) *'master data '!E77 * inputs!$D$5,0) -> 0 | I78: =IFERROR((inputs!$B$7/100) *'master data '!G77 * inputs!$D$7,0) -> 11.2 | J78: =IFERROR((inputs!$G$6/100) *'master data '!H77 * inputs!$I$6,0) -> 0 | K78: =IFERROR((inputs!$G$7/100) *'master data '!I77 * inputs!$I$7,0) -> 0 | L78: =IFERROR((inputs!$G$8/100) *'master data '!J77 * inputs!$I$8,0) -> 0 | M78: =IFERROR((inputs!$G$10/100) *'master data '!K77 * inputs!$I$10,0) -> 0.88 | N78: =IFERROR((inputs!$G$11/100) *'master data '!L77 * inputs!$I$11,0) -> 0 | O78: =IFERROR((inputs!$B$15/100) *'master data '!M77 * inputs!$D$15,0) -> 0 | P78: =IFERROR((inputs!$B$9/100) *'master data '!N77 * inputs!$D$9,0) -> 0 | Q78: =IFERROR((inputs!$G$5/100) *'master data '!O77 * inputs!$I$5,0) -> 0 | R78: =IFERROR((inputs!$B$10/100) *'master data '!P77 * inputs!$D$10,0) -> 0 | S78: =IFERROR((inputs!$B$11/100) *'master data '!Q77 * inputs!$D$11,0) -> 0 | T78: =IFERROR((inputs!$B$12/100) *'master data '!R77 * inputs!$D$12,0) -> 0 | U78: =IFERROR((inputs!$B$13/100) *'master data '!S77 * inputs!$D$13,0) -> 0 | V78: =IFERROR((inputs!$B$14/100) *'master data '!T77 * inputs!$D$14,0) -> 0 | AB78: =SUM(G78:AA78) -> 12.08 | AC78: =AB78 / 7 -> 1.7257143 | AD78: =AC78 -D78 -> 1.7257143 | AE78: =C78 -> mg | AF78: =IFERROR(AC78/D78*100,"N/A") -> N/A | AG78: =AC78 -E78 -> -748.27429 | AI78: =AC78 /E78*100 -> 0.23009524
A79: Taurine | C79: mg | E79: 1000 | G79: =IFERROR((inputs!$B$5/100) *'master data '!E78 * inputs!$D$5,0) -> 0 | I79: =IFERROR((inputs!$B$7/100) *'master data '!G78 * inputs!$D$7,0) -> 2.8 | J79: =IFERROR((inputs!$G$6/100) *'master data '!H78 * inputs!$I$6,0) -> 0 | K79: =IFERROR((inputs!$G$7/100) *'master data '!I78 * inputs!$I$7,0) -> 0 | L79: =IFERROR((inputs!$G$8/100) *'master data '!J78 * inputs!$I$8,0) -> 0 | M79: =IFERROR((inputs!$G$10/100) *'master data '!K78 * inputs!$I$10,0) -> 0.88 | N79: =IFERROR((inputs!$G$11/100) *'master data '!L78 * inputs!$I$11,0) -> 0 | O79: =IFERROR((inputs!$B$15/100) *'master data '!M78 * inputs!$D$15,0) -> 0 | P79: =IFERROR((inputs!$B$9/100) *'master data '!N78 * inputs!$D$9,0) -> 0 | Q79: =IFERROR((inputs!$G$5/100) *'master data '!O78 * inputs!$I$5,0) -> 0 | R79: =IFERROR((inputs!$B$10/100) *'master data '!P78 * inputs!$D$10,0) -> 0 | S79: =IFERROR((inputs!$B$11/100) *'master data '!Q78 * inputs!$D$11,0) -> 0 | T79: =IFERROR((inputs!$B$12/100) *'master data '!R78 * inputs!$D$12,0) -> 0 | U79: =IFERROR((inputs!$B$13/100) *'master data '!S78 * inputs!$D$13,0) -> 0 | V79: =IFERROR((inputs!$B$14/100) *'master data '!T78 * inputs!$D$14,0) -> 0 | AB79: =SUM(G79:AA79) -> 3.68 | AC79: =AB79 / 7 -> 0.52571429 | AD79: =AC79 -D79 -> 0.52571429 | AE79: =C79 -> mg | AF79: =IFERROR(AC79/D79*100,"N/A") -> N/A | AG79: =AC79 -E79 -> -999.47429 | AI79: =AC79 /E79*100 -> 0.052571429
A80: PQQ | C80: mg | E80: 20 | G80: =IFERROR((inputs!$B$5/100) *'master data '!E79 * inputs!$D$5,0) -> 0 | I80: =IFERROR((inputs!$B$7/100) *'master data '!G79 * inputs!$D$7,0) -> 0 | J80: =IFERROR((inputs!$G$6/100) *'master data '!H79 * inputs!$I$6,0) -> 0 | K80: =IFERROR((inputs!$G$7/100) *'master data '!I79 * inputs!$I$7,0) -> 0 | L80: =IFERROR((inputs!$G$8/100) *'master data '!J79 * inputs!$I$8,0) -> 0 | M80: =IFERROR((inputs!$G$10/100) *'master data '!K79 * inputs!$I$10,0) -> 0 | N80: =IFERROR((inputs!$G$11/100) *'master data '!L79 * inputs!$I$11,0) -> 0 | O80: =IFERROR((inputs!$B$15/100) *'master data '!M79 * inputs!$D$15,0) -> 0 | P80: =IFERROR((inputs!$B$9/100) *'master data '!N79 * inputs!$D$9,0) -> 0 | Q80: =IFERROR((inputs!$G$5/100) *'master data '!O79 * inputs!$I$5,0) -> 0 | R80: =IFERROR((inputs!$B$10/100) *'master data '!P79 * inputs!$D$10,0) -> 0 | S80: =IFERROR((inputs!$B$11/100) *'master data '!Q79 * inputs!$D$11,0) -> 0 | T80: =IFERROR((inputs!$B$12/100) *'master data '!R79 * inputs!$D$12,0) -> 0 | U80: =IFERROR((inputs!$B$13/100) *'master data '!S79 * inputs!$D$13,0) -> 0 | V80: =IFERROR((inputs!$B$14/100) *'master data '!T79 * inputs!$D$14,0) -> 0 | AB80: =SUM(G80:AA80) -> 0 | AC80: =AB80 / 7 -> 0 | AD80: =AC80 -D80 -> 0 | AE80: =C80 -> mg | AF80: =IFERROR(AC80/D80*100,"N/A") -> N/A | AG80: =AC80 -E80 -> -20 | AI80: =AC80 /E80*100 -> 0
A81: Betaine (TMG) | C81: mg | D81: 400 | E81: 1200 | G81: =IFERROR((inputs!$B$5/100) *'master data '!E80 * inputs!$D$5,0) -> 0 | I81: =IFERROR((inputs!$B$7/100) *'master data '!G80 * inputs!$D$7,0) -> 7 | J81: =IFERROR((inputs!$G$6/100) *'master data '!H80 * inputs!$I$6,0) -> 71.4 | K81: =IFERROR((inputs!$G$7/100) *'master data '!I80 * inputs!$I$7,0) -> 2.8 | L81: =IFERROR((inputs!$G$8/100) *'master data '!J80 * inputs!$I$8,0) -> 0.63 | M81: =IFERROR((inputs!$G$10/100) *'master data '!K80 * inputs!$I$10,0) -> 3.52 | N81: =IFERROR((inputs!$G$11/100) *'master data '!L80 * inputs!$I$11,0) -> 0 | O81: =IFERROR((inputs!$B$15/100) *'master data '!M80 * inputs!$D$15,0) -> 100 | P81: =IFERROR((inputs!$B$9/100) *'master data '!N80 * inputs!$D$9,0) -> 37.5 | Q81: =IFERROR((inputs!$G$5/100) *'master data '!O80 * inputs!$I$5,0) -> 0 | R81: =IFERROR((inputs!$B$10/100) *'master data '!P80 * inputs!$D$10,0) -> 0 | S81: =IFERROR((inputs!$B$11/100) *'master data '!Q80 * inputs!$D$11,0) -> 0 | T81: =IFERROR((inputs!$B$12/100) *'master data '!R80 * inputs!$D$12,0) -> 0 | U81: =IFERROR((inputs!$B$13/100) *'master data '!S80 * inputs!$D$13,0) -> 0 | V81: =IFERROR((inputs!$B$14/100) *'master data '!T80 * inputs!$D$14,0) -> 0 | AB81: =SUM(G81:AA81) -> 222.85 | AC81: =AB81 / 7 -> 31.835714 | AD81: =AC81 -D81 -> -368.16429 | AE81: =C81 -> mg | AF81: =IFERROR(AC81/D81*100,"N/A") -> 7.9589286 | AG81: =AC81 -E81 -> -1168.1643 | AI81: =AC81 /E81*100 -> 2.6529762
A83: EGCG | B83: Exogenous (green tea catechin) | C83: mg | E83: 250 | G83: =IFERROR((inputs!$B$5/100) *'master data '!E82 * inputs!$D$5,0) -> 0 | I83: =IFERROR((inputs!$B$7/100) *'master data '!G82 * inputs!$D$7,0) -> 0 | J83: =IFERROR((inputs!$G$6/100) *'master data '!H82 * inputs!$I$6,0) -> 0 | K83: =IFERROR((inputs!$G$7/100) *'master data '!I82 * inputs!$I$7,0) -> 0 | L83: =IFERROR((inputs!$G$8/100) *'master data '!J82 * inputs!$I$8,0) -> 0 | M83: =IFERROR((inputs!$G$10/100) *'master data '!K82 * inputs!$I$10,0) -> 0 | N83: =IFERROR((inputs!$G$11/100) *'master data '!L82 * inputs!$I$11,0) -> 0 | O83: =IFERROR((inputs!$B$15/100) *'master data '!M82 * inputs!$D$15,0) -> 0 | P83: =IFERROR((inputs!$B$9/100) *'master data '!N82 * inputs!$D$9,0) -> 0 | Q83: =IFERROR((inputs!$G$5/100) *'master data '!O82 * inputs!$I$5,0) -> 0 | R83: =IFERROR((inputs!$B$10/100) *'master data '!P82 * inputs!$D$10,0) -> 0 | S83: =IFERROR((inputs!$B$11/100) *'master data '!Q82 * inputs!$D$11,0) -> 0 | T83: =IFERROR((inputs!$B$12/100) *'master data '!R82 * inputs!$D$12,0) -> 0 | U83: =IFERROR((inputs!$B$13/100) *'master data '!S82 * inputs!$D$13,0) -> 0 | V83: =IFERROR((inputs!$B$14/100) *'master data '!T82 * inputs!$D$14,0) -> 0 | AB83: =SUM(G83:Z83) -> 0 | AC83: =AB83 / 7 -> 0 | AD83: =AC83 -D83 -> 0 | AE83: =C83 -> mg | AF83: =IFERROR(AC83/D83*100,"N/A") -> N/A | AG83: =AC83 -E83 -> -250 | AI83: =AC83 /E83*100 -> 0
A84: Catechins | B84: Exogenous | C84: mg | E84: 100 | G84: =IFERROR((inputs!$B$5/100) *'master data '!E83 * inputs!$D$5,0) -> 0 | I84: =IFERROR((inputs!$B$7/100) *'master data '!G83 * inputs!$D$7,0) -> 0 | J84: =IFERROR((inputs!$G$6/100) *'master data '!H83 * inputs!$I$6,0) -> 0 | K84: =IFERROR((inputs!$G$7/100) *'master data '!I83 * inputs!$I$7,0) -> 0 | L84: =IFERROR((inputs!$G$8/100) *'master data '!J83 * inputs!$I$8,0) -> 0 | M84: =IFERROR((inputs!$G$10/100) *'master data '!K83 * inputs!$I$10,0) -> 0 | N84: =IFERROR((inputs!$G$11/100) *'master data '!L83 * inputs!$I$11,0) -> 0 | O84: =IFERROR((inputs!$B$15/100) *'master data '!M83 * inputs!$D$15,0) -> 0 | P84: =IFERROR((inputs!$B$9/100) *'master data '!N83 * inputs!$D$9,0) -> 0 | Q84: =IFERROR((inputs!$G$5/100) *'master data '!O83 * inputs!$I$5,0) -> 0 | R84: =IFERROR((inputs!$B$10/100) *'master data '!P83 * inputs!$D$10,0) -> 0 | S84: =IFERROR((inputs!$B$11/100) *'master data '!Q83 * inputs!$D$11,0) -> 0 | T84: =IFERROR((inputs!$B$12/100) *'master data '!R83 * inputs!$D$12,0) -> 0 | U84: =IFERROR((inputs!$B$13/100) *'master data '!S83 * inputs!$D$13,0) -> 0 | V84: =IFERROR((inputs!$B$14/100) *'master data '!T83 * inputs!$D$14,0) -> 0 | AB84: =SUM(G84:Z84) -> 0 | AC84: =AB84 / 7 -> 0 | AD84: =AC84 -D84 -> 0 | AE84: =C84 -> mg | AF84: =IFERROR(AC84/D84*100,"N/A") -> N/A | AG84: =AC84 -E84 -> -100 | AI84: =AC84 /E84*100 -> 0
A85: Proanthocyanidins | B85: Exogenous | C85: mg | E85: 200 | G85: =IFERROR((inputs!$B$5/100) *'master data '!E84 * inputs!$D$5,0) -> 0 | I85: =IFERROR((inputs!$B$7/100) *'master data '!G84 * inputs!$D$7,0) -> 0 | J85: =IFERROR((inputs!$G$6/100) *'master data '!H84 * inputs!$I$6,0) -> 0 | K85: =IFERROR((inputs!$G$7/100) *'master data '!I84 * inputs!$I$7,0) -> 0 | L85: =IFERROR((inputs!$G$8/100) *'master data '!J84 * inputs!$I$8,0) -> 0 | M85: =IFERROR((inputs!$G$10/100) *'master data '!K84 * inputs!$I$10,0) -> 0 | N85: =IFERROR((inputs!$G$11/100) *'master data '!L84 * inputs!$I$11,0) -> 0 | O85: =IFERROR((inputs!$B$15/100) *'master data '!M84 * inputs!$D$15,0) -> 0 | P85: =IFERROR((inputs!$B$9/100) *'master data '!N84 * inputs!$D$9,0) -> 0 | Q85: =IFERROR((inputs!$G$5/100) *'master data '!O84 * inputs!$I$5,0) -> 0 | R85: =IFERROR((inputs!$B$10/100) *'master data '!P84 * inputs!$D$10,0) -> 0 | S85: =IFERROR((inputs!$B$11/100) *'master data '!Q84 * inputs!$D$11,0) -> 0 | T85: =IFERROR((inputs!$B$12/100) *'master data '!R84 * inputs!$D$12,0) -> 0 | U85: =IFERROR((inputs!$B$13/100) *'master data '!S84 * inputs!$D$13,0) -> 0 | V85: =IFERROR((inputs!$B$14/100) *'master data '!T84 * inputs!$D$14,0) -> 0 | AB85: =SUM(G85:Z85) -> 0 | AC85: =AB85 / 7 -> 0 | AD85: =AC85 -D85 -> 0 | AE85: =C85 -> mg | AF85: =IFERROR(AC85/D85*100,"N/A") -> N/A | AG85: =AC85 -E85 -> -200 | AI85: =AC85 /E85*100 -> 0
A86: Anthocyanins | B86: Exogenous | C86: mg | E86: 175 | G86: =IFERROR((inputs!$B$5/100) *'master data '!E85 * inputs!$D$5,0) -> 0 | I86: =IFERROR((inputs!$B$7/100) *'master data '!G85 * inputs!$D$7,0) -> 0 | J86: =IFERROR((inputs!$G$6/100) *'master data '!H85 * inputs!$I$6,0) -> 0 | K86: =IFERROR((inputs!$G$7/100) *'master data '!I85 * inputs!$I$7,0) -> 0 | L86: =IFERROR((inputs!$G$8/100) *'master data '!J85 * inputs!$I$8,0) -> 0 | M86: =IFERROR((inputs!$G$10/100) *'master data '!K85 * inputs!$I$10,0) -> 0 | N86: =IFERROR((inputs!$G$11/100) *'master data '!L85 * inputs!$I$11,0) -> 0 | O86: =IFERROR((inputs!$B$15/100) *'master data '!M85 * inputs!$D$15,0) -> 0 | P86: =IFERROR((inputs!$B$9/100) *'master data '!N85 * inputs!$D$9,0) -> 0 | Q86: =IFERROR((inputs!$G$5/100) *'master data '!O85 * inputs!$I$5,0) -> 0 | R86: =IFERROR((inputs!$B$10/100) *'master data '!P85 * inputs!$D$10,0) -> 0 | S86: =IFERROR((inputs!$B$11/100) *'master data '!Q85 * inputs!$D$11,0) -> 0 | T86: =IFERROR((inputs!$B$12/100) *'master data '!R85 * inputs!$D$12,0) -> 0 | U86: =IFERROR((inputs!$B$13/100) *'master data '!S85 * inputs!$D$13,0) -> 0 | V86: =IFERROR((inputs!$B$14/100) *'master data '!T85 * inputs!$D$14,0) -> 0 | AB86: =SUM(G86:Z86) -> 0 | AC86: =AB86 / 7 -> 0 | AD86: =AC86 -D86 -> 0 | AE86: =C86 -> mg | AF86: =IFERROR(AC86/D86*100,"N/A") -> N/A | AG86: =AC86 -E86 -> -175 | AI86: =AC86 /E86*100 -> 0
A87: Quercetin | B87: Exogenous | C87: mg | E87: 500 | G87: =IFERROR((inputs!$B$5/100) *'master data '!E86 * inputs!$D$5,0) -> 0 | I87: =IFERROR((inputs!$B$7/100) *'master data '!G86 * inputs!$D$7,0) -> 0 | J87: =IFERROR((inputs!$G$6/100) *'master data '!H86 * inputs!$I$6,0) -> 16.8 | K87: =IFERROR((inputs!$G$7/100) *'master data '!I86 * inputs!$I$7,0) -> 3.5 | L87: =IFERROR((inputs!$G$8/100) *'master data '!J86 * inputs!$I$8,0) -> 0.7 | M87: =IFERROR((inputs!$G$10/100) *'master data '!K86 * inputs!$I$10,0) -> 0.88 | N87: =IFERROR((inputs!$G$11/100) *'master data '!L86 * inputs!$I$11,0) -> 0 | O87: =IFERROR((inputs!$B$15/100) *'master data '!M86 * inputs!$D$15,0) -> 7.5 | P87: =IFERROR((inputs!$B$9/100) *'master data '!N86 * inputs!$D$9,0) -> 5 | Q87: =IFERROR((inputs!$G$5/100) *'master data '!O86 * inputs!$I$5,0) -> 0 | R87: =IFERROR((inputs!$B$10/100) *'master data '!P86 * inputs!$D$10,0) -> 0 | S87: =IFERROR((inputs!$B$11/100) *'master data '!Q86 * inputs!$D$11,0) -> 0 | T87: =IFERROR((inputs!$B$12/100) *'master data '!R86 * inputs!$D$12,0) -> 0 | U87: =IFERROR((inputs!$B$13/100) *'master data '!S86 * inputs!$D$13,0) -> 0 | V87: =IFERROR((inputs!$B$14/100) *'master data '!T86 * inputs!$D$14,0) -> 0 | AB87: =SUM(G87:Z87) -> 34.38 | AC87: =AB87 / 7 -> 4.9114286 | AD87: =AC87 -D87 -> 4.9114286 | AE87: =C87 -> mg | AF87: =IFERROR(AC87/D87*100,"N/A") -> N/A | AG87: =AC87 -E87 -> -495.08857 | AI87: =AC87 /E87*100 -> 0.98228571
A88: Resveratrol | B88: Exogenous | C88: mg | E88: 125 | G88: =IFERROR((inputs!$B$5/100) *'master data '!E87 * inputs!$D$5,0) -> 0 | I88: =IFERROR((inputs!$B$7/100) *'master data '!G87 * inputs!$D$7,0) -> 0 | J88: =IFERROR((inputs!$G$6/100) *'master data '!H87 * inputs!$I$6,0) -> 0 | K88: =IFERROR((inputs!$G$7/100) *'master data '!I87 * inputs!$I$7,0) -> 0 | L88: =IFERROR((inputs!$G$8/100) *'master data '!J87 * inputs!$I$8,0) -> 0 | M88: =IFERROR((inputs!$G$10/100) *'master data '!K87 * inputs!$I$10,0) -> 0 | N88: =IFERROR((inputs!$G$11/100) *'master data '!L87 * inputs!$I$11,0) -> 0 | O88: =IFERROR((inputs!$B$15/100) *'master data '!M87 * inputs!$D$15,0) -> 0 | P88: =IFERROR((inputs!$B$9/100) *'master data '!N87 * inputs!$D$9,0) -> 0 | Q88: =IFERROR((inputs!$G$5/100) *'master data '!O87 * inputs!$I$5,0) -> 0 | R88: =IFERROR((inputs!$B$10/100) *'master data '!P87 * inputs!$D$10,0) -> 0 | S88: =IFERROR((inputs!$B$11/100) *'master data '!Q87 * inputs!$D$11,0) -> 0 | T88: =IFERROR((inputs!$B$12/100) *'master data '!R87 * inputs!$D$12,0) -> 0 | U88: =IFERROR((inputs!$B$13/100) *'master data '!S87 * inputs!$D$13,0) -> 0 | V88: =IFERROR((inputs!$B$14/100) *'master data '!T87 * inputs!$D$14,0) -> 0 | AB88: =SUM(G88:Z88) -> 0 | AC88: =AB88 / 7 -> 0 | AD88: =AC88 -D88 -> 0 | AE88: =C88 -> mg | AF88: =IFERROR(AC88/D88*100,"N/A") -> N/A | AG88: =AC88 -E88 -> -125 | AI88: =AC88 /E88*100 -> 0
A89: Curcumin | B89: Exogenous | C89: mg | E89: 750 | G89: =IFERROR((inputs!$B$5/100) *'master data '!E88 * inputs!$D$5,0) -> 0 | I89: =IFERROR((inputs!$B$7/100) *'master data '!G88 * inputs!$D$7,0) -> 0 | J89: =IFERROR((inputs!$G$6/100) *'master data '!H88 * inputs!$I$6,0) -> 0 | K89: =IFERROR((inputs!$G$7/100) *'master data '!I88 * inputs!$I$7,0) -> 0 | L89: =IFERROR((inputs!$G$8/100) *'master data '!J88 * inputs!$I$8,0) -> 0 | M89: =IFERROR((inputs!$G$10/100) *'master data '!K88 * inputs!$I$10,0) -> 0 | N89: =IFERROR((inputs!$G$11/100) *'master data '!L88 * inputs!$I$11,0) -> 0 | O89: =IFERROR((inputs!$B$15/100) *'master data '!M88 * inputs!$D$15,0) -> 0 | P89: =IFERROR((inputs!$B$9/100) *'master data '!N88 * inputs!$D$9,0) -> 0 | Q89: =IFERROR((inputs!$G$5/100) *'master data '!O88 * inputs!$I$5,0) -> 0 | R89: =IFERROR((inputs!$B$10/100) *'master data '!P88 * inputs!$D$10,0) -> 0 | S89: =IFERROR((inputs!$B$11/100) *'master data '!Q88 * inputs!$D$11,0) -> 0 | T89: =IFERROR((inputs!$B$12/100) *'master data '!R88 * inputs!$D$12,0) -> 0 | U89: =IFERROR((inputs!$B$13/100) *'master data '!S88 * inputs!$D$13,0) -> 0 | V89: =IFERROR((inputs!$B$14/100) *'master data '!T88 * inputs!$D$14,0) -> 0 | AB89: =SUM(G89:Z89) -> 0 | AC89: =AB89 / 7 -> 0 | AD89: =AC89 -D89 -> 0 | AE89: =C89 -> mg | AF89: =IFERROR(AC89/D89*100,"N/A") -> N/A | AG89: =AC89 -E89 -> -750 | AI89: =AC89 /E89*100 -> 0
A90: Ellagic Acid | B90: Exogenous | C90: mg | E90: 100 | G90: =IFERROR((inputs!$B$5/100) *'master data '!E89 * inputs!$D$5,0) -> 0 | I90: =IFERROR((inputs!$B$7/100) *'master data '!G89 * inputs!$D$7,0) -> 0 | J90: =IFERROR((inputs!$G$6/100) *'master data '!H89 * inputs!$I$6,0) -> 0 | K90: =IFERROR((inputs!$G$7/100) *'master data '!I89 * inputs!$I$7,0) -> 0 | L90: =IFERROR((inputs!$G$8/100) *'master data '!J89 * inputs!$I$8,0) -> 0 | M90: =IFERROR((inputs!$G$10/100) *'master data '!K89 * inputs!$I$10,0) -> 0 | N90: =IFERROR((inputs!$G$11/100) *'master data '!L89 * inputs!$I$11,0) -> 0 | O90: =IFERROR((inputs!$B$15/100) *'master data '!M89 * inputs!$D$15,0) -> 0 | P90: =IFERROR((inputs!$B$9/100) *'master data '!N89 * inputs!$D$9,0) -> 0 | Q90: =IFERROR((inputs!$G$5/100) *'master data '!O89 * inputs!$I$5,0) -> 0 | R90: =IFERROR((inputs!$B$10/100) *'master data '!P89 * inputs!$D$10,0) -> 0 | S90: =IFERROR((inputs!$B$11/100) *'master data '!Q89 * inputs!$D$11,0) -> 0 | T90: =IFERROR((inputs!$B$12/100) *'master data '!R89 * inputs!$D$12,0) -> 0 | U90: =IFERROR((inputs!$B$13/100) *'master data '!S89 * inputs!$D$13,0) -> 0 | V90: =IFERROR((inputs!$B$14/100) *'master data '!T89 * inputs!$D$14,0) -> 0 | AB90: =SUM(G90:Z90) -> 0 | AC90: =AB90 / 7 -> 0 | AD90: =AC90 -D90 -> 0 | AE90: =C90 -> mg | AF90: =IFERROR(AC90/D90*100,"N/A") -> N/A | AG90: =AC90 -E90 -> -100 | AI90: =AC90 /E90*100 -> 0
A91: Chlorogenic Acid | B91: Exogenous | C91: mg | E91: 200 | G91: =IFERROR((inputs!$B$5/100) *'master data '!E90 * inputs!$D$5,0) -> 0 | I91: =IFERROR((inputs!$B$7/100) *'master data '!G90 * inputs!$D$7,0) -> 0 | J91: =IFERROR((inputs!$G$6/100) *'master data '!H90 * inputs!$I$6,0) -> 10.5 | K91: =IFERROR((inputs!$G$7/100) *'master data '!I90 * inputs!$I$7,0) -> 0.35 | L91: =IFERROR((inputs!$G$8/100) *'master data '!J90 * inputs!$I$8,0) -> 0.07 | M91: =IFERROR((inputs!$G$10/100) *'master data '!K90 * inputs!$I$10,0) -> 0 | N91: =IFERROR((inputs!$G$11/100) *'master data '!L90 * inputs!$I$11,0) -> 0 | O91: =IFERROR((inputs!$B$15/100) *'master data '!M90 * inputs!$D$15,0) -> 2.5 | P91: =IFERROR((inputs!$B$9/100) *'master data '!N90 * inputs!$D$9,0) -> 2.5 | Q91: =IFERROR((inputs!$G$5/100) *'master data '!O90 * inputs!$I$5,0) -> 0 | R91: =IFERROR((inputs!$B$10/100) *'master data '!P90 * inputs!$D$10,0) -> 0 | S91: =IFERROR((inputs!$B$11/100) *'master data '!Q90 * inputs!$D$11,0) -> 0 | T91: =IFERROR((inputs!$B$12/100) *'master data '!R90 * inputs!$D$12,0) -> 0 | U91: =IFERROR((inputs!$B$13/100) *'master data '!S90 * inputs!$D$13,0) -> 0 | V91: =IFERROR((inputs!$B$14/100) *'master data '!T90 * inputs!$D$14,0) -> 0 | AB91: =SUM(G91:Z91) -> 15.92 | AC91: =AB91 / 7 -> 2.2742857 | AD91: =AC91 -D91 -> 2.2742857 | AE91: =C91 -> mg | AF91: =IFERROR(AC91/D91*100,"N/A") -> N/A | AG91: =AC91 -E91 -> -197.72571 | AI91: =AC91 /E91*100 -> 1.1371429
A92: Isoflavones | B92: Exogenous (soy) | C92: mg | E92: 75 | G92: =IFERROR((inputs!$B$5/100) *'master data '!E91 * inputs!$D$5,0) -> 0 | I92: =IFERROR((inputs!$B$7/100) *'master data '!G91 * inputs!$D$7,0) -> 0 | J92: =IFERROR((inputs!$G$6/100) *'master data '!H91 * inputs!$I$6,0) -> 0 | K92: =IFERROR((inputs!$G$7/100) *'master data '!I91 * inputs!$I$7,0) -> 0 | L92: =IFERROR((inputs!$G$8/100) *'master data '!J91 * inputs!$I$8,0) -> 0 | M92: =IFERROR((inputs!$G$10/100) *'master data '!K91 * inputs!$I$10,0) -> 0 | N92: =IFERROR((inputs!$G$11/100) *'master data '!L91 * inputs!$I$11,0) -> 0 | O92: =IFERROR((inputs!$B$15/100) *'master data '!M91 * inputs!$D$15,0) -> 375 | P92: =IFERROR((inputs!$B$9/100) *'master data '!N91 * inputs!$D$9,0) -> 0 | Q92: =IFERROR((inputs!$G$5/100) *'master data '!O91 * inputs!$I$5,0) -> 0 | R92: =IFERROR((inputs!$B$10/100) *'master data '!P91 * inputs!$D$10,0) -> 0 | S92: =IFERROR((inputs!$B$11/100) *'master data '!Q91 * inputs!$D$11,0) -> 0 | T92: =IFERROR((inputs!$B$12/100) *'master data '!R91 * inputs!$D$12,0) -> 0 | U92: =IFERROR((inputs!$B$13/100) *'master data '!S91 * inputs!$D$13,0) -> 0 | V92: =IFERROR((inputs!$B$14/100) *'master data '!T91 * inputs!$D$14,0) -> 0 | AB92: =SUM(G92:Z92) -> 375 | AC92: =AB92 / 7 -> 53.571429 | AD92: =AC92 -D92 -> 53.571429 | AE92: =C92 -> mg | AF92: =IFERROR(AC92/D92*100,"N/A") -> N/A | AG92: =AC92 -E92 -> -21.428571 | AI92: =AC92 /E92*100 -> 71.428571
A93: Sulforaphane (broccoli sprouts) | B93: Exogenous (broccoli sprouts, Nrf2 activator) | C93: mg | E93: 30 | G93: =IFERROR((inputs!$B$5/100) *'master data '!E92 * inputs!$D$5,0) -> 0 | I93: =IFERROR((inputs!$B$7/100) *'master data '!G92 * inputs!$D$7,0) -> 0 | J93: =IFERROR((inputs!$G$6/100) *'master data '!H92 * inputs!$I$6,0) -> 0 | K93: =IFERROR((inputs!$G$7/100) *'master data '!I92 * inputs!$I$7,0) -> 0 | L93: =IFERROR((inputs!$G$8/100) *'master data '!J92 * inputs!$I$8,0) -> 0 | M93: =IFERROR((inputs!$G$10/100) *'master data '!K92 * inputs!$I$10,0) -> 0 | N93: =IFERROR((inputs!$G$11/100) *'master data '!L92 * inputs!$I$11,0) -> 0 | O93: =IFERROR((inputs!$B$15/100) *'master data '!M92 * inputs!$D$15,0) -> 0 | P93: =IFERROR((inputs!$B$9/100) *'master data '!N92 * inputs!$D$9,0) -> 0 | Q93: =IFERROR((inputs!$G$5/100) *'master data '!O92 * inputs!$I$5,0) -> 0 | R93: =IFERROR((inputs!$B$10/100) *'master data '!P92 * inputs!$D$10,0) -> 0 | S93: =IFERROR((inputs!$B$11/100) *'master data '!Q92 * inputs!$D$11,0) -> 0 | T93: =IFERROR((inputs!$B$12/100) *'master data '!R92 * inputs!$D$12,0) -> 0 | U93: =IFERROR((inputs!$B$13/100) *'master data '!S92 * inputs!$D$13,0) -> 0 | V93: =IFERROR((inputs!$B$14/100) *'master data '!T92 * inputs!$D$14,0) -> 0 | AB93: =SUM(G93:Z93) -> 0 | AC93: =AB93 / 7 -> 0 | AD93: =AC93 -D93 -> 0 | AE93: =C93 -> mg | AF93: =IFERROR(AC93/D93*100,"N/A") -> N/A | AG93: =AC93 -E93 -> -30 | AI93: =AC93 /E93*100 -> 0
A94: Phycocyanin (spirulina pigment) | B94: Exogenous (spirulina pigment) | C94: mg | E94: 250 | G94: =IFERROR((inputs!$B$5/100) *'master data '!E93 * inputs!$D$5,0) -> 0 | I94: =IFERROR((inputs!$B$7/100) *'master data '!G93 * inputs!$D$7,0) -> 0 | J94: =IFERROR((inputs!$G$6/100) *'master data '!H93 * inputs!$I$6,0) -> 0 | K94: =IFERROR((inputs!$G$7/100) *'master data '!I93 * inputs!$I$7,0) -> 0 | L94: =IFERROR((inputs!$G$8/100) *'master data '!J93 * inputs!$I$8,0) -> 0 | M94: =IFERROR((inputs!$G$10/100) *'master data '!K93 * inputs!$I$10,0) -> 0 | N94: =IFERROR((inputs!$G$11/100) *'master data '!L93 * inputs!$I$11,0) -> 0 | O94: =IFERROR((inputs!$B$15/100) *'master data '!M93 * inputs!$D$15,0) -> 0 | P94: =IFERROR((inputs!$B$9/100) *'master data '!N93 * inputs!$D$9,0) -> 0 | Q94: =IFERROR((inputs!$G$5/100) *'master data '!O93 * inputs!$I$5,0) -> 0 | R94: =IFERROR((inputs!$B$10/100) *'master data '!P93 * inputs!$D$10,0) -> 0 | S94: =IFERROR((inputs!$B$11/100) *'master data '!Q93 * inputs!$D$11,0) -> 0 | T94: =IFERROR((inputs!$B$12/100) *'master data '!R93 * inputs!$D$12,0) -> 0 | U94: =IFERROR((inputs!$B$13/100) *'master data '!S93 * inputs!$D$13,0) -> 0 | V94: =IFERROR((inputs!$B$14/100) *'master data '!T93 * inputs!$D$14,0) -> 0 | AB94: =SUM(G94:Z94) -> 0 | AC94: =AB94 / 7 -> 0 | AD94: =AC94 -D94 -> 0 | AE94: =C94 -> mg | AF94: =IFERROR(AC94/D94*100,"N/A") -> N/A | AG94: =AC94 -E94 -> -250 | AI94: =AC94 /E94*100 -> 0
... A97: Betalains (beetroot) | B97: Exogenous (beetroot pigment) | C97: mg | E97: 50 | G97: =IFERROR((inputs!$B$5/100) *'master data '!E96 * inputs!$D$5,0) -> 0 | I97: =IFERROR((inputs!$B$7/100) *'master data '!G96 * inputs!$D$7,0) -> 0 | J97: =IFERROR((inputs!$G$6/100) *'master data '!H96 * inputs!$I$6,0) -> 0 | K97: =IFERROR((inputs!$G$7/100) *'master data '!I96 * inputs!$I$7,0) -> 0 | L97: =IFERROR((inputs!$G$8/100) *'master data '!J96 * inputs!$I$8,0) -> 0 | M97: =IFERROR((inputs!$G$10/100) *'master data '!K96 * inputs!$I$10,0) -> 0 | N97: =IFERROR((inputs!$G$11/100) *'master data '!L96 * inputs!$I$11,0) -> 0 | O97: =IFERROR((inputs!$B$15/100) *'master data '!M96 * inputs!$D$15,0) -> 0 | P97: =IFERROR((inputs!$B$9/100) *'master data '!N96 * inputs!$D$9,0) -> 0 | Q97: =IFERROR((inputs!$G$5/100) *'master data '!O96 * inputs!$I$5,0) -> 0 | R97: =IFERROR((inputs!$B$10/100) *'master data '!P96 * inputs!$D$10,0) -> 0 | S97: =IFERROR((inputs!$B$11/100) *'master data '!Q96 * inputs!$D$11,0) -> 0 | T97: =IFERROR((inputs!$B$12/100) *'master data '!R96 * inputs!$D$12,0) -> 0 | U97: =IFERROR((inputs!$B$13/100) *'master data '!S96 * inputs!$D$13,0) -> 0 | V97: =IFERROR((inputs!$B$14/100) *'master data '!T96 * inputs!$D$14,0) -> 0 | AB97: =SUM(G97:Z97) -> 0 | AC97: =AB97 / 7 -> 0 | AD97: =AC97 -D97 -> 0 | AE97: =C97 -> mg | AF97: =IFERROR(AC97/D97*100,"N/A") -> N/A | AG97: =AC97 -E97 -> -50 | AI97: =AC97 /E97*100 -> 0
AF98: =IFERROR(AC98/D98*100,"N/A") -> N/A
A99: Beta-carotene | B99: Provitamin A carotenoid | C99: mg | E99: 5 | G99: =IFERROR((inputs!$B$5/100) *'master data '!E98 * inputs!$D$5,0) -> 0 | I99: =IFERROR((inputs!$B$7/100) *'master data '!G98 * inputs!$D$7,0) -> 0 | J99: =IFERROR((inputs!$G$6/100) *'master data '!H98 * inputs!$I$6,0) -> 0.042 | K99: =IFERROR((inputs!$G$7/100) *'master data '!I98 * inputs!$I$7,0) -> 0.07 | L99: =IFERROR((inputs!$G$8/100) *'master data '!J98 * inputs!$I$8,0) -> 0.014 | M99: =IFERROR((inputs!$G$10/100) *'master data '!K98 * inputs!$I$10,0) -> 0.044 | N99: =IFERROR((inputs!$G$11/100) *'master data '!L98 * inputs!$I$11,0) -> 0 | O99: =IFERROR((inputs!$B$15/100) *'master data '!M98 * inputs!$D$15,0) -> 0.25 | P99: =IFERROR((inputs!$B$9/100) *'master data '!N98 * inputs!$D$9,0) -> 0.125 | Q99: =IFERROR((inputs!$G$5/100) *'master data '!O98 * inputs!$I$5,0) -> 0 | R99: =IFERROR((inputs!$B$10/100) *'master data '!P98 * inputs!$D$10,0) -> 0 | S99: =IFERROR((inputs!$B$11/100) *'master data '!Q98 * inputs!$D$11,0) -> 0 | T99: =IFERROR((inputs!$B$12/100) *'master data '!R98 * inputs!$D$12,0) -> 0 | U99: =IFERROR((inputs!$B$13/100) *'master data '!S98 * inputs!$D$13,0) -> 0 | V99: =IFERROR((inputs!$B$14/100) *'master data '!T98 * inputs!$D$14,0) -> 0 | AB99: =SUM(G99:Z99) -> 0.545 | AC99: =AB99 / 7 -> 0.077857143 | AD99: =AC99 -D99 -> 0.077857143 | AE99: =C99 -> mg | AF99: =IFERROR(AC99/D99*100,"N/A") -> N/A | AG99: =AC99 -E99 -> -4.9221429 | AI99: =AC99 /E99*100 -> 1.5571429
A100: Alpha-carotene | B100: Provitamin A carotenoid | C100: mg | E100: 1.5 | G100: =IFERROR((inputs!$B$5/100) *'master data '!E99 * inputs!$D$5,0) -> 0 | I100: =IFERROR((inputs!$B$7/100) *'master data '!G99 * inputs!$D$7,0) -> 0 | J100: =IFERROR((inputs!$G$6/100) *'master data '!H99 * inputs!$I$6,0) -> 0 | K100: =IFERROR((inputs!$G$7/100) *'master data '!I99 * inputs!$I$7,0) -> 0 | L100: =IFERROR((inputs!$G$8/100) *'master data '!J99 * inputs!$I$8,0) -> 0 | M100: =IFERROR((inputs!$G$10/100) *'master data '!K99 * inputs!$I$10,0) -> 0 | N100: =IFERROR((inputs!$G$11/100) *'master data '!L99 * inputs!$I$11,0) -> 0 | O100: =IFERROR((inputs!$B$15/100) *'master data '!M99 * inputs!$D$15,0) -> 0 | P100: =IFERROR((inputs!$B$9/100) *'master data '!N99 * inputs!$D$9,0) -> 0 | Q100: =IFERROR((inputs!$G$5/100) *'master data '!O99 * inputs!$I$5,0) -> 0 | R100: =IFERROR((inputs!$B$10/100) *'master data '!P99 * inputs!$D$10,0) -> 0 | S100: =IFERROR((inputs!$B$11/100) *'master data '!Q99 * inputs!$D$11,0) -> 0 | T100: =IFERROR((inputs!$B$12/100) *'master data '!R99 * inputs!$D$12,0) -> 0 | U100: =IFERROR((inputs!$B$13/100) *'master data '!S99 * inputs!$D$13,0) -> 0 | V100: =IFERROR((inputs!$B$14/100) *'master data '!T99 * inputs!$D$14,0) -> 0 | AB100: =SUM(G100:Z100) -> 0 | AC100: =AB100 / 7 -> 0 | AD100: =AC100 -D100 -> 0 | AE100: =C100 -> mg | AF100: =IFERROR(AC100/D100*100,"N/A") -> N/A | AG100: =AC100 -E100 -> -1.5 | AI100: =AC100 /E100*100 -> 0
A101: Beta-cryptoxanthin | B101: Provitamin A carotenoid | C101: mg | E101: 1.5 | G101: =IFERROR((inputs!$B$5/100) *'master data '!E100 * inputs!$D$5,0) -> 0 | I101: =IFERROR((inputs!$B$7/100) *'master data '!G100 * inputs!$D$7,0) -> 0 | J101: =IFERROR((inputs!$G$6/100) *'master data '!H100 * inputs!$I$6,0) -> 0 | K101: =IFERROR((inputs!$G$7/100) *'master data '!I100 * inputs!$I$7,0) -> 0 | L101: =IFERROR((inputs!$G$8/100) *'master data '!J100 * inputs!$I$8,0) -> 0 | M101: =IFERROR((inputs!$G$10/100) *'master data '!K100 * inputs!$I$10,0) -> 0.044 | N101: =IFERROR((inputs!$G$11/100) *'master data '!L100 * inputs!$I$11,0) -> 0 | O101: =IFERROR((inputs!$B$15/100) *'master data '!M100 * inputs!$D$15,0) -> 0 | P101: =IFERROR((inputs!$B$9/100) *'master data '!N100 * inputs!$D$9,0) -> 0 | Q101: =IFERROR((inputs!$G$5/100) *'master data '!O100 * inputs!$I$5,0) -> 0 | R101: =IFERROR((inputs!$B$10/100) *'master data '!P100 * inputs!$D$10,0) -> 0 | S101: =IFERROR((inputs!$B$11/100) *'master data '!Q100 * inputs!$D$11,0) -> 0 | T101: =IFERROR((inputs!$B$12/100) *'master data '!R100 * inputs!$D$12,0) -> 0 | U101: =IFERROR((inputs!$B$13/100) *'master data '!S100 * inputs!$D$13,0) -> 0 | V101: =IFERROR((inputs!$B$14/100) *'master data '!T100 * inputs!$D$14,0) -> 0 | AB101: =SUM(G101:Z101) -> 0.044 | AC101: =AB101 / 7 -> 0.0062857143 | AD101: =AC101 -D101 -> 0.0062857143 | AE101: =C101 -> mg | AF101: =IFERROR(AC101/D101*100,"N/A") -> N/A | AG101: =AC101 -E101 -> -1.4937143 | AI101: =AC101 /E101*100 -> 0.41904762
A102: Lycopene | B102: Exogenous antioxidant (no RDA) | C102: mg | E102: 12.5 | G102: =IFERROR((inputs!$B$5/100) *'master data '!E101 * inputs!$D$5,0) -> 0 | I102: =IFERROR((inputs!$B$7/100) *'master data '!G101 * inputs!$D$7,0) -> 0 | J102: =IFERROR((inputs!$G$6/100) *'master data '!H101 * inputs!$I$6,0) -> 0 | K102: =IFERROR((inputs!$G$7/100) *'master data '!I101 * inputs!$I$7,0) -> 0 | L102: =IFERROR((inputs!$G$8/100) *'master data '!J101 * inputs!$I$8,0) -> 0 | M102: =IFERROR((inputs!$G$10/100) *'master data '!K101 * inputs!$I$10,0) -> 0 | N102: =IFERROR((inputs!$G$11/100) *'master data '!L101 * inputs!$I$11,0) -> 0 | O102: =IFERROR((inputs!$B$15/100) *'master data '!M101 * inputs!$D$15,0) -> 0 | P102: =IFERROR((inputs!$B$9/100) *'master data '!N101 * inputs!$D$9,0) -> 0 | Q102: =IFERROR((inputs!$G$5/100) *'master data '!O101 * inputs!$I$5,0) -> 0 | R102: =IFERROR((inputs!$B$10/100) *'master data '!P101 * inputs!$D$10,0) -> 0 | S102: =IFERROR((inputs!$B$11/100) *'master data '!Q101 * inputs!$D$11,0) -> 0 | T102: =IFERROR((inputs!$B$12/100) *'master data '!R101 * inputs!$D$12,0) -> 0 | U102: =IFERROR((inputs!$B$13/100) *'master data '!S101 * inputs!$D$13,0) -> 0 | V102: =IFERROR((inputs!$B$14/100) *'master data '!T101 * inputs!$D$14,0) -> 0 | AB102: =SUM(G102:Z102) -> 0 | AC102: =AB102 / 7 -> 0 | AD102: =AC102 -D102 -> 0 | AE102: =C102 -> mg | AF102: =IFERROR(AC102/D102*100,"N/A") -> N/A | AG102: =AC102 -E102 -> -12.5 | AI102: =AC102 /E102*100 -> 0
A103: Lutein | B103: Exogenous (eye health) | C103: mg | D103: 6 | E103: 10 | G103: =IFERROR((inputs!$B$5/100) *'master data '!E102 * inputs!$D$5,0) -> 0 | I103: =IFERROR((inputs!$B$7/100) *'master data '!G102 * inputs!$D$7,0) -> 0 | J103: =IFERROR((inputs!$G$6/100) *'master data '!H102 * inputs!$I$6,0) -> 1.05 | K103: =IFERROR((inputs!$G$7/100) *'master data '!I102 * inputs!$I$7,0) -> 0.35 | L103: =IFERROR((inputs!$G$8/100) *'master data '!J102 * inputs!$I$8,0) -> 0.07 | M103: =IFERROR((inputs!$G$10/100) *'master data '!K102 * inputs!$I$10,0) -> 0.44 | N103: =IFERROR((inputs!$G$11/100) *'master data '!L102 * inputs!$I$11,0) -> 0 | O103: =IFERROR((inputs!$B$15/100) *'master data '!M102 * inputs!$D$15,0) -> 0.75 | P103: =IFERROR((inputs!$B$9/100) *'master data '!N102 * inputs!$D$9,0) -> 0.5 | Q103: =IFERROR((inputs!$G$5/100) *'master data '!O102 * inputs!$I$5,0) -> 0 | R103: =IFERROR((inputs!$B$10/100) *'master data '!P102 * inputs!$D$10,0) -> 0 | S103: =IFERROR((inputs!$B$11/100) *'master data '!Q102 * inputs!$D$11,0) -> 0 | T103: =IFERROR((inputs!$B$12/100) *'master data '!R102 * inputs!$D$12,0) -> 0 | U103: =IFERROR((inputs!$B$13/100) *'master data '!S102 * inputs!$D$13,0) -> 0 | V103: =IFERROR((inputs!$B$14/100) *'master data '!T102 * inputs!$D$14,0) -> 0 | AB103: =SUM(G103:Z103) -> 3.16 | AC103: =AB103 / 7 -> 0.45142857 | AD103: =AC103 -D103 -> -5.5485714 | AE103: =C103 -> mg | AF103: =IFERROR(AC103/D103*100,"N/A") -> 7.5238095 | AG103: =AC103 -E103 -> -9.5485714 | AI103: =AC103 /E103*100 -> 4.5142857
A104: Zeaxanthin | B104: Exogenous (eye health) | C104: mg | D104: 2 | E104: 2 | G104: =IFERROR((inputs!$B$5/100) *'master data '!E103 * inputs!$D$5,0) -> 0 | I104: =IFERROR((inputs!$B$7/100) *'master data '!G103 * inputs!$D$7,0) -> 0 | J104: =IFERROR((inputs!$G$6/100) *'master data '!H103 * inputs!$I$6,0) -> 0.63 | K104: =IFERROR((inputs!$G$7/100) *'master data '!I103 * inputs!$I$7,0) -> 0.175 | L104: =IFERROR((inputs!$G$8/100) *'master data '!J103 * inputs!$I$8,0) -> 0.035 | M104: =IFERROR((inputs!$G$10/100) *'master data '!K103 * inputs!$I$10,0) -> 0.44 | N104: =IFERROR((inputs!$G$11/100) *'master data '!L103 * inputs!$I$11,0) -> 0 | O104: =IFERROR((inputs!$B$15/100) *'master data '!M103 * inputs!$D$15,0) -> 0.5 | P104: =IFERROR((inputs!$B$9/100) *'master data '!N103 * inputs!$D$9,0) -> 0.25 | Q104: =IFERROR((inputs!$G$5/100) *'master data '!O103 * inputs!$I$5,0) -> 0 | R104: =IFERROR((inputs!$B$10/100) *'master data '!P103 * inputs!$D$10,0) -> 0 | S104: =IFERROR((inputs!$B$11/100) *'master data '!Q103 * inputs!$D$11,0) -> 0 | T104: =IFERROR((inputs!$B$12/100) *'master data '!R103 * inputs!$D$12,0) -> 0 | U104: =IFERROR((inputs!$B$13/100) *'master data '!S103 * inputs!$D$13,0) -> 0 | V104: =IFERROR((inputs!$B$14/100) *'master data '!T103 * inputs!$D$14,0) -> 0 | AB104: =SUM(G104:Z104) -> 2.03 | AC104: =AB104 / 7 -> 0.29 | AD104: =AC104 -D104 -> -1.71 | AE104: =C104 -> mg | AF104: =IFERROR(AC104/D104*100,"N/A") -> 14.5 | AG104: =AC104 -E104 -> -1.71 | AI104: =AC104 /E104*100 -> 14.5
A105: Astaxanthin | B105: Exogenous antioxidant (marine carotenoid) | C105: mg | E105: 5 | G105: =IFERROR((inputs!$B$5/100) *'master data '!E104 * inputs!$D$5,0) -> 0 | I105: =IFERROR((inputs!$B$7/100) *'master data '!G104 * inputs!$D$7,0) -> 0 | J105: =IFERROR((inputs!$G$6/100) *'master data '!H104 * inputs!$I$6,0) -> 0 | K105: =IFERROR((inputs!$G$7/100) *'master data '!I104 * inputs!$I$7,0) -> 0 | L105: =IFERROR((inputs!$G$8/100) *'master data '!J104 * inputs!$I$8,0) -> 0 | M105: =IFERROR((inputs!$G$10/100) *'master data '!K104 * inputs!$I$10,0) -> 0 | N105: =IFERROR((inputs!$G$11/100) *'master data '!L104 * inputs!$I$11,0) -> 0 | O105: =IFERROR((inputs!$B$15/100) *'master data '!M104 * inputs!$D$15,0) -> 0 | P105: =IFERROR((inputs!$B$9/100) *'master data '!N104 * inputs!$D$9,0) -> 0 | Q105: =IFERROR((inputs!$G$5/100) *'master data '!O104 * inputs!$I$5,0) -> 0 | R105: =IFERROR((inputs!$B$10/100) *'master data '!P104 * inputs!$D$10,0) -> 0 | S105: =IFERROR((inputs!$B$11/100) *'master data '!Q104 * inputs!$D$11,0) -> 0 | T105: =IFERROR((inputs!$B$12/100) *'master data '!R104 * inputs!$D$12,0) -> 0 | U105: =IFERROR((inputs!$B$13/100) *'master data '!S104 * inputs!$D$13,0) -> 0 | V105: =IFERROR((inputs!$B$14/100) *'master data '!T104 * inputs!$D$14,0) -> 0 | AB105: =SUM(G105:Z105) -> 0 | AC105: =AB105 / 7 -> 0 | AD105: =AC105 -D105 -> 0 | AE105: =C105 -> mg | AF105: =IFERROR(AC105/D105*100,"N/A") -> N/A | AG105: =AC105 -E105 -> -5 | AI105: =AC105 /E105*100 -> 0

Sheet master data 
A1: vitamins | B1: soluble | C1: unit | D1: rda | E1: whey | F1: milk | G1: skim milk powder | H1: oats | I1: chia | J1: flax | K1: eggs | L1: chicken | M1: soya chunks | N1: roasted chana | O1: white (rice) | P1: yellow moong | Q1: green moong | R1: masoor | S1: rajma | T1: chana | U1: carrot (raw) | V1: tomato (raw) | W1: pomegranate | X1: beetroot (raw) | Y1: guava | Z1: ghee
A2: A (retinol only) | B2: fat | C2: mcg | D2: 900 | E2: 0 | F2: 50 | G2: 45 | H2: 0 | I2: 0 | J2: 0 | K2: 160 | L2: 5 | M2: 0 | N2: 0 | O2: 0 | P2: 0 | Q2: 0 | R2: 0 | S2: 0 | T2: 0 | U2: 835 | V2: 42 | W2: 0 | X2: 2 | Y2: 0 | Z2: 840
A3: B1 (Thiamine) | B3: water | C3: mg | D3: 1.2 | E3: 0.42 | F3: 0.04 | G3: 0.4 | H3: 0.46 | I3: 0.6 | J3: 0.5 | K3: 0.08 | L3: 0.07 | M3: 0.87 | N3: 0.28 | O3: 0.1 | P3: 0.42 | Q3: 0.62 | R3: 0.5 | S3: 0.45 | T3: 0.48 | U3: 0.07 | V3: 0.04 | W3: 0.03 | X3: 0.03 | Y3: 0.07 | Z3: 0
A4: B2 (Riboflavin) | B4: water | C4: mg | D4: 1.3 | E4: 0.48 | F4: 0.19 | G4: 2 | H4: 0.11 | I4: 0.2 | J4: 0.2 | K4: 0.44 | L4: 0.1 | M4: 0.29 | N4: 0.1 | O4: 0.04 | P4: 0.20 | Q4: 0.23 | R4: 0.21 | S4: 0.22 | T4: 0.18 | U4: 0.03 | V4: 0.02 | W4: 0.03 | X4: 0.03 | Y4: 0.04 | Z4: 0
A5: B3 (Niacin) | B5: water | C5: mg | D5: 16 | E5: 5.4 | F5: 0.1 | G5: 1 | H5: 1 | I5: 3.1 | J5: 3.1 | K5: 0.1 | L5: 10.8 | M5: 1.6 | N5: 1.6 | O5: 1.5 | P5: 2.1 | Q5: 2.2 | R5: 2.6 | S5: 2.1 | T5: 1.6 | U5: 1 | V5: 0.6 | W5: 0.3 | X5: 0.3 | Y5: 1.1 | Z5: 0
A6: B5 (Pantothenic Acid) | B6: water | C6: mg | D6: 5 | E6: 1.5 | F6: 0.33 | G6: 3 | H6: 1.1 | I6: 0.5 | J6: 0.5 | K6: 1.4 | L6: 1 | M6: 0.15 | N6: 0.5 | O6: 0.8 | P6: 1.1 | Q6: 1.3 | R6: 1.2 | S6: 1.1 | T6: 1 | U6: 0.27 | V6: 0.27 | W6: 0.2 | X6: 0.12 | Y6: 0.45 | Z6: 0
A7: B6 (pyridoxine) | B7: water | C7: mg | D7: 1.3 | E7: 0.6 | F7: 0.04 | G7: 0.4 | H7: 0.12 | I7: 0.6 | J7: 0.5 | K7: 0.1 | L7: 0.6 | M7: 0.37 | N7: 0.35 | O7: 0.15 | P7: 0.54 | Q7: 0.58 | R7: 0.54 | S7: 0.41 | T7: 0.53 | U7: 0.14 | V7: 0.08 | W7: 0.08 | X7: 0.07 | Y7: 0.11 | Z7: 0
A8: B7(biotin) | B8: water | C8: mcg | D8: 30 | E8: 9 | F8: 3 | G8: 20 | H8: 20 | I8: — | J8: — | K8: 10 | L8: 5 | M8: 7 | N8: 5 | O8: 2 | P8: 6 | Q8: 7 | R8: 6 | S8: 5 | T8: 6 | U8: 1 | V8: 0.6 | W8: — | X8: 0.4 | Y8: 2 | Z8: 0
A9: B9(folate) | B9: water | C9: mcg | D9: 400 | E9: 300 | F9: 5 | G9: 45 | H9: 56 | I9: 87 | J9: 87 | K9: 47 | L9: 4 | M9: 200 | N9: 180 | O9: 8 | P9: 625 | Q9: 640 | R9: 480 | S9: 395 | T9: 550 | U9: 19 | V9: 15 | W9: 38 | X9: 109 | Y9: 49 | Z9: 0
A10: B12 | B10: water | C10: mcg | D10: 2.4 | E10: 0 | F10: 0.36 | G10: 4 | H10: 0 | I10: 0 | J10: 0 | K10: 1.1 | L10: 0.3 | M10: 0 | N10: 0 | O10: 0 | P10: 0 | Q10: 0 | R10: 0 | S10: 0 | T10: 0 | U10: 0 | V10: 0 | W10: 0 | X10: 0 | Y10: 0 | Z10: 0
A11: C | B11: water | C11: mg | D11: 90 | E11: 12 | F11: 1 | G11: 5 | H11: 0 | I11: 1.6 | J11: 1.6 | K11: 0 | L11: 0 | M11: 0 | N11: 3 | O11: 0 | P11: 4 | Q11: 4 | R11: 4 | S11: 3 | T11: 4 | U11: 5.9 | V11: 13.7 | W11: 10 | X11: 4.9 | Y11: 228 | Z11: 0
A12: D3 | B12: fat | C12: iu | D12: 600 | E12: 0 | F12: 12 | G12: 0 | H12: 0 | I12: 0 | J12: 0 | K12: 82 | L12: 0.1 | M12: 0 | N12: 0 | O12: 0 | P12: 0 | Q12: 0 | R12: 0 | S12: 0 | T12: 0 | U12: 0 | V12: 0 | W12: 0 | X12: 0 | Y12: 0 | Z12: 15
A13: E (alpha-tocopherol) | B13: fat | C13: mg | D13: 15 | E13: 0 | F13: 0.07 | G13: 0.1 | H13: 0.4 | I13: 0.5 | J13: 0.3 | K13: 2 | L13: 0.3 | M13: 0.9 | N13: 0.6 | O13: 0 | P13: 0.6 | Q13: 0.7 | R13: 0.5 | S13: 0.6 | T13: 0.5 | U13: 0.66 | V13: 0.54 | W13: 0.6 | X13: 0.03 | Y13: 0.7 | Z13: 2.5
A14: K1 | B14: fat | C14: mcg | D14: 120 | E14: 0 | F14: 0.2 | G14: 5 | H14: 2 | I14: 0 | J14: 0 | K14: 0.3 | L14: 2 | M14: 20 | N14: 7 | O14: 0 | P14: 9 | Q14: 10 | R14: 7 | S14: 6 | T14: 8 | U14: 13.2 | V14: 7.9 | W14: 16 | X14: 0.2 | Y14: 2 | Z14: 8
A15: K2 | B15: fat | C15: mcg | D15: 90 | E15: 0 | F15: 1 | G15: 0 | H15: 0 | I15: 0 | J15: 0 | K15: 0.3 | L15: 0 | M15: 0 | N15: 0 | O15: 0 | P15: 0 | Q15: 0 | R15: 0 | S15: 0 | T15: 0 | U15: 0 | V15: 0 | W15: 0 | X15: 0 | Y15: 0 | Z15: 0
K16: Macro Minerals
A17: calcium | B17: fat | C17: mg | D17: 1000 | E17: 380 | F17: 120 | G17: 1200 | H17: 54 | I17: 631 | J17: 255 | K17: 56 | L17: 11 | M17: 350 | N17: 190 | O17: 10 | P17: 75 | Q17: 124 | R17: 68 | S17: 83 | T17: 56 | U17: 33 | V17: 10 | W17: 10 | X17: 16 | Y17: 18 | Z17: 2
A18: magnesium | B18: fat | C18: mg | D18: 400 | E18: 102 | F18: 10 | G18: 100 | H18: 177 | I18: 335 | J18: 392 | K18: 11 | L18: 29 | M18: 280 | N18: 160 | O18: 25 | P18: 135 | Q18: 138 | R18: 122 | S18: 140 | T18: 120 | U18: 12 | V18: 11 | W18: 12 | X18: 23 | Y18: 22 | Z18: 2
A19: phosphorous | B19: fat | C19: mg | D19: 700 | E19: 246 | F19: 90 | G19: 1000 | H19: 523 | I19: 860 | J19: 642 | K19: 198 | L19: 210 | M19: 650 | N19: 300 | O19: 115 | P19: 405 | Q19: 430 | R19: 390 | S19: 410 | T19: 360 | U19: 35 | V19: 24 | W19: 36 | X19: 40 | Y19: 40 | Z19: 3
A20: potassium | B20: water | C20: mg | D20: 3400 | E20: 90 | F20: 150 | G20: 1600 | H20: 429 | I20: 407 | J20: 813 | K20: 138 | L20: 256 | M20: 1700 | N20: 875 | O20: 115 | P20: 1150 | Q20: 1245 | R20: 980 | S20: 1350 | T20: 875 | U20: 320 | V20: 237 | W20: 236 | X20: 325 | Y20: 417 | Z20: 5
A21: sodium | B21: water | C21: mg | D21: 1500 | E21: 25 | F21: 44 | G21: 500 | H21: 2 | I21: 16 | J21: 30 | K21: 142 | L21: 70 | M21: 2 | N21: 20 | O21: 2 | P21: 12 | Q21: 15 | R21: 10 | S21: 12 | T21: 10 | U21: 69 | V21: 5 | W21: 3 | X21: 78 | Y21: 2 | Z21: 2
K22: Trace Minerals
A23: iron | B23: fat | C23: mg | D23: 8 | E23: 0.3 | F23: 0.1 | G23: 0.3 | H23: 4.7 | I23: 7.7 | J23: 5.7 | K23: 1.8 | L23: 0.7 | M23: 15.7 | N23: 7 | O23: 1 | P23: 6.9 | Q23: 7.2 | R23: 7.5 | S23: 8.2 | T23: 6.2 | U23: 0.3 | V23: 0.27 | W23: 0.3 | X23: 0.8 | Y23: 0.3 | Z23: 0.1
A24: zinc | B24: water | C24: mg | D24: 11 | E24: 3.6 | F24: 0.4 | G24: 3.5 | H24: 3.5 | I24: 4.6 | J24: 4.3 | K24: 1.3 | L24: 1 | M24: 4.9 | N24: 3.1 | O24: 1.2 | P24: 2.7 | Q24: 2.9 | R24: 2.5 | S24: 2.8 | T24: 2.6 | U24: 0.24 | V24: 0.17 | W24: 0.3 | X24: 0.35 | Y24: 0.23 | Z24: 0.1
A25: copper | B25: fat | C25: mcg | D25: 900 | E25: 1.5 | F25: 12 | G25: 0.05 | H25: 400 | I25: 920 | J25: 1220 | K25: 72 | L25: 40 | M25: 1500 | N25: 640 | O25: 0.15 | P25: 0.85 | Q25: 0.95 | R25: 0.75 | S25: 0.9 | T25: 0.7 | U25: 0.04 | V25: 0.05 | W25: 100 | X25: 0.08 | Y25: 0.05 | Z25: 15
A26: iodine | B26: fat | C26: mcg | D26: 150 | E26: 45 | F26: 20 | G26: 200 | H26: 5 | I26: — | J26: — | K26: 50 | L26: 7 | M26: 3 | N26: 5 | O26: 0 | P26: 3 | Q26: 3 | R26: 3 | S26: 4 | T26: 3 | U26: — | V26: — | W26: — | X26: — | Y26: 2 | Z26: 3
A27: selenium | B27: water | C27: mcg | D27: 55 | E27: 12 | F27: 2 | G27: 30 | H27: 34 | I27: 56 | J27: 25 | K27: 30 | L27: 27 | M27: 17 | N27: 8 | O27: 7 | P27: 6 | Q27: 7 | R27: 5 | S27: 8 | T27: 6 | U27: 0.1 | V27: 0.5 | W27: 0.5 | X27: 0.4 | Y27: 3 | Z27: 1
A28: chromium | B28: water | C28: mcg | D28: 35 | E28: 6.9 | F28: 1 | G28: 3 | H28: 2 | I28: 0.2 | J28: 0.2 | K28: 0.1 | L28: 2 | M28: 2.5 | N28: 2 | O28: 2 | P28: 12 | Q28: 13 | R28: 11 | S28: 14 | T28: 10 | U28: — | V28: — | W28: 0.2 | X28: — | Y28: 6 | Z28: 0
A29: manganese | B29: water | C29: mg | D29: 2 | E29: 1.2 | F29: 0.02 | G29: 0.1 | H29: 3.6 | I29: 2.7 | J29: 2.5 | K29: 0 | L29: 0.02 | M29: 2.2 | N29: 1.8 | O29: 1.2 | P29: 1.6 | Q29: 1.8 | R29: 1.5 | S29: 1.6 | T29: 1.4 | U29: 0.14 | V29: 0.04 | W29: 0.1 | X29: 0.3 | Y29: 0.2 | Z29: 0
A30: molybdenum | B30: water | C30: mcg | D30: 45 | E30: 0 | F30: 5 | G30: 20 | H30: 50 | I30: 2 | J30: 2 | K30: 2 | L30: 5 | M30: 40 | N30: 30 | O30: 40 | P30: 130 | Q30: 140 | R30: 120 | S30: 140 | T30: 115 | U30: — | V30: — | W30: 2 | X30: — | Y30: 15 | Z30: 0
A31: fluoride | B31: fat | C31: mg | D31: 3 | E31: 0 | F31: 0.01 | G31: 25 | H31: 0.2 | I31: — | J31: — | K31: — | L31: 0 | M31: 0.3 | N31: 0.2 | O31: 0 | P31: 40 | Q31: 45 | R31: 38 | S31: 42 | T31: 36 | U31: — | V31: — | W31: — | X31: — | Y31: 2 | Z31: —
A32: boron | B32: water | C32: mg | D32: 1 | E32: 0 | F32: 0.2 | G32: 0.1 | H32: 0.9 | I32: — | J32: — | K32: — | L32: 0 | M32: 0.5 | N32: 0.4 | O32: 0.1 | P32: 0.8 | Q32: 0.9 | R32: 0.7 | S32: 0.8 | T32: 0.6 | U32: — | V32: — | W32: — | X32: — | Y32: 0.1 | Z32: —
A33: silicon | B33: water | C33: mg | D33: 10 | E33: 0 | F33: 0.3 | G33: 1 | H33: 6 | I33: — | J33: — | K33: — | L33: 0 | M33: 4 | N33: 2 | O33: 5 | P33: 7 | Q33: 8 | R33: 6 | S33: 7 | T33: 6 | U33: — | V33: — | W33: — | X33: — | Y33: 1 | Z33: —
K34: Macros
A35: cal | B35: - | C35: cal | D35: 1500 | E35: 369 | F35: 67 | G35: 360 | H35: 389 | I35: 486 | J35: 534 | K35: 143 | L35: 120 | M35: 345 | N35: 360 | O35: 360 | P35: 348 | Q35: 347 | R35: 352 | S35: 333 | T35: 364 | U35: 41 | V35: 18 | W35: 83 | X35: 43 | Y35: 68 | Z35: 896
A36: carbs | B36: - | C36: gm | D36: 130 | E36: 32.44 | F36: 4.8 | G36: 52 | H36: 66 | I36: 42 | J36: 29 | K36: 0.7 | L36: 0 | M36: 33 | N36: 60 | O36: 78 | P36: 59 | Q36: 59 | R36: 60 | S36: 61 | T36: 61 | U36: 9.6 | V36: 3.9 | W36: 19 | X36: 9.6 | Y36: 14 | Z36: 0
A37: Sugars – Glucose | B37: sugar | C37: gm | D37: 0 | E37: 3.5 | F37: 0.1 | G37: 0 | H37: 0.2 | I37: 0.5 | J37: 0.5 | K37: 0.3 | L37: 0 | M37: 0.2 | N37: 0.4 | O37: 0.1 | P37: 0.6 | Q37: 0.7 | R37: 0.8 | S37: 0.9 | T37: 0.7 | U37: ~2.4 | V37: ~2.6 | W37: 4 | X37: ~1.7 | Y37: 2.5 | Z37: 0
A38: Sugars – Fructose | B38: sugar | C38: gm | D38: 0 | E38: 2.8 | F38: 0 | G38: 0 | H38: 0.3 | I38: 0.5 | J38: 0.5 | K38: 0.3 | L38: 0 | M38: 0.2 | N38: 0.3 | O38: 0 | P38: 0.4 | Q38: 0.5 | R38: 0.5 | S38: 0.6 | T38: 0.4 | U38: ~1.2 | V38: ~0.6 | W38: 4 | X38: ~1.7 | Y38: 2.3 | Z38: 0
A39: Sugars – Sucrose | B39: sugar | C39: gm | D39: 0 | E39: 6 | F39: 0 | G39: 0 | H39: 0.5 | I39: 0.5 | J39: 0.5 | K39: 0.3 | L39: 0 | M39: 0.1 | N39: 0.2 | O39: 0.1 | P39: 1.1 | Q39: 1.3 | R39: 1.2 | S39: 1.5 | T39: 1.1 | U39: ~1.3 | V39: ~0.4 | W39: 5 | X39: ~1.3 | Y39: 1.2 | Z39: 0
A40: Sugars – Lactose | B40: sugar | C40: gm | D40: 0 | E40: 18 | F40: 4.8 | G40: 52 | H40: 0 | I40: 0 | J40: 0 | K40: 0 | L40: 0 | M40: 0 | N40: 0 | O40: 0 | P40: 0 | Q40: 0 | R40: 0 | S40: 0 | T40: 0 | U40: 0 | V40: 0 | W40: 0 | X40: 0 | Y40: 0 | Z40: 0
A41: Starch – Fast digesting | B41: starch | C41: gm | D41: 0 | E41: 6 | F41: 0 | G41: 0 | H41: 20 | I41: — | J41: — | K41: — | L41: 0 | M41: 15 | N41: 30 | O41: 55 | P41: 18 | Q41: 17 | R41: 20 | S41: 21 | T41: 22 | U41: 6.5 | V41: 0.3 | W41: — | X41: 0.5 | Y41: 4 | Z41: 0
A42: Starch – Slow digesting | B42: starch | C42: gm | D42: 0 | E42: 8 | F42: 0 | G42: 0 | H42: 35 | I42: — | J42: — | K42: — | L42: 0 | M42: 10 | N42: 25 | O42: 20 | P42: 32 | Q42: 33 | R42: 31 | S42: 33 | T42: 32 | U42: 1.5 | V42: 0.3 | W42: — | X42: 0.5 | Y42: 6 | Z42: 0
A43: protien | B43: - | C43: gm | D43: 50 | E43: 53.37 | F43: 3.2 | G43: 36 | H43: 13 | I43: 16.5 | J43: 18.3 | K43: 12.6 | L43: 22.5 | M43: 52 | N43: 20 | O43: 7.5 | P43: 24.0 | Q43: 24.4 | R43: 25.1 | S43: 24 | T43: 22.5 | U43: 0.9 | V43: 0.9 | W43: 1.7 | X43: 1.6 | Y43: 2.6 | Z43: 0.3
A44: Leucine | B44: EAA | C44: gm | D44: 3 | E44: 4.8 | F44: 0.3 | G44: 3.2 | H44: 1.2 | I44: 1.2 | J44: 1.3 | K44: 1.1 | L44: 1.9 | M44: 3.5 | N44: 1.6 | O44: 0.6 | P44: 1.75 | Q44: 1.80 | R44: 1.85 | S44: 1.75 | T44: 1.7 | U44: 0.05 | V44: 0.04 | W44: 0.1 | X44: 0.08 | Y44: 0.18 | Z44: —
A45: Isoleucine | B45: EAA | C45: gm | D45: 1.6 | E45: 3.1 | F45: 0.17 | G45: 2 | H45: 0.7 | I45: 0.6 | J45: 0.7 | K45: 0.7 | L45: 1.2 | M45: 2 | N45: 0.9 | O45: 0.35 | P45: 1.05 | Q45: 1.08 | R45: 1.1 | S45: 1.05 | T45: 1 | U45: 0.03 | V45: 0.02 | W45: 0.05 | X45: 0.03 | Y45: 0.11 | Z45: —
A46: Valine | B46: EAA | C46: gm | D46: 1.8 | E46: 3.4 | F46: 0.2 | G46: 2.2 | H46: 0.9 | I46: 0.7 | J46: 0.8 | K46: 0.9 | L46: 1.3 | M46: 2.2 | N46: 1.1 | O46: 0.5 | P46: 1.20 | Q46: 1.25 | R46: 1.3 | S46: 1.25 | T46: 1.2 | U46: 0.04 | V46: 0.03 | W46: 0.05 | X46: 0.04 | Y46: 0.13 | Z46: —
A47: Lysine | B47: EAA | C47: gm | D47: 2 | E47: 4.5 | F47: 0.26 | G47: 2.9 | H47: 0.7 | I47: 0.9 | J47: 0.9 | K47: 0.9 | L47: 2 | M47: 3.3 | N47: 1.3 | O47: 0.25 | P47: 1.85 | Q47: 1.90 | R47: 1.95 | S47: 1.85 | T47: 1.8 | U47: 0.04 | V47: 0.03 | W47: 0.1 | X47: 0.05 | Y47: 0.19 | Z47: —
A48: Methionine | B48: EAA | C48: gm | D48: 1 | E48: 1 | F48: 0.08 | G48: 0.8 | H48: 0.3 | I48: 0.3 | J48: 0.3 | K48: 0.4 | L48: 0.7 | M48: 0.6 | N48: 0.3 | O48: 0.18 | P48: 0.30 | Q48: 0.32 | R48: 0.28 | S48: 0.27 | T48: 0.26 | U48: 0.02 | V48: 0.01 | W48: 0.01 | X48: 0.01 | Y48: 0.03 | Z48: —
A49: Threonine | B49: EAA | C49: gm | D49: 1.5 | E49: 2.9 | F49: 0.14 | G49: 1.6 | H49: 0.6 | I49: 0.6 | J49: 0.7 | K49: 0.6 | L49: 1 | M49: 2 | N49: 0.8 | O49: 0.3 | P49: 0.95 | Q49: 0.98 | R49: 0.96 | S49: 0.92 | T49: 0.9 | U49: 0.03 | V49: 0.02 | W49: 0.05 | X49: 0.03 | Y49: 0.09 | Z49: —
A50: Phenylalanine | B50: EAA | C50: gm | D50: 2 | E50: 2.6 | F50: 0.15 | G50: 1.7 | H50: 1 | I50: 0.9 | J50: 0.9 | K50: 0.7 | L50: 0.9 | M50: 2 | N50: 1.1 | O50: 0.45 | P50: 1.25 | Q50: 1.30 | R50: 1.32 | S50: 1.2 | T50: 1.15 | U50: 0.04 | V50: 0.03 | W50: 0.05 | X50: 0.05 | Y50: 0.14 | Z50: —
A51: Tryptophan | B51: EAA | C51: gm | D51: 0.25 | E51: 0.9 | F51: 0.05 | G51: 0.5 | H51: 0.2 | I51: 0.2 | J51: 0.2 | K51: 0.2 | L51: 0.25 | M51: 0.6 | N51: 0.2 | O51: 0.09 | P51: 0.25 | Q51: 0.26 | R51: 0.24 | S51: 0.22 | T51: 0.21 | U51: 0.01 | V51: 0.01 | W51: 0.01 | X51: 0.01 | Y51: 0.02 | Z51: —
A52: Histidine | B52: EAA | C52: gm | D52: 0.8 | E52: 1.4 | F52: 0.09 | G52: 1 | H52: 0.4 | I52: 0.5 | J52: 0.5 | K52: 0.3 | L52: 0.8 | M52: 1.5 | N52: 0.6 | O52: 0.2 | P52: 0.70 | Q52: 0.72 | R52: 0.74 | S52: 0.68 | T52: 0.65 | U52: 0.02 | V52: 0.01 | W52: 0.02 | X52: 0.02 | Y52: 0.06 | Z52: —
A53: Arginine | B53: Conditional | C53: gm | D53: 2 | E53: 2.8 | F53: 0.12 | G53: 1.1 | H53: 1.2 | I53: 2.1 | J53: 2 | K53: 0.8 | L53: 1.5 | M53: 3.1 | N53: 1.4 | O53: 0.55 | P53: 1.95 | Q53: 2.05 | R53: 2.1 | S53: 1.9 | T53: 1.85 | U53: 0.05 | V53: 0.03 | W53: 0.1 | X53: 0.06 | Y53: 0.15 | Z53: —
A54: Glutamine | B54: Conditional | C54: gm | D54: 5 | E54: 8.5 | F54: 0.55 | G54: 6.5 | H54: 3 | I54: 3 | J54: 3 | K54: 1.5 | L54: 3.6 | M54: 6 | N54: 3 | O54: 1.2 | P54: 4.30 | Q54: 4.50 | R54: 4.2 | S54: 4 | T54: 3.9 | U54: 0.15 | V54: 0.08 | W54: 0.2 | X54: 0.2 | Y54: 0.35 | Z54: —
A55: Glycine | B55: Conditional | C55: gm | D55: 1.5 | E55: 1.7 | F55: 0.08 | G55: 0.6 | H55: 0.8 | I55: 1.2 | J55: 1.2 | K55: 0.5 | L55: 1.1 | M55: 1.8 | N55: 0.9 | O55: 0.3 | P55: 0.95 | Q55: 0.98 | R55: 1 | S55: 0.95 | T55: 0.9 | U55: 0.05 | V55: 0.03 | W55: 0.05 | X55: 0.12 | Y55: 0.1 | Z55: —
... A57: Tyrosine | B57: Conditional | C57: gm | D57: 1.5 | E57: 1.3 | F57: 0.15 | G57: 1.6 | H57: 0.6 | I57: 0.8 | J57: 0.8 | K57: 0.5 | L57: 0.8 | M57: 1.5 | N57: 0.7 | O57: 0.35 | P57: 0.75 | Q57: 0.78 | R57: 0.78 | S57: 0.72 | T57: 0.7 | U57: 0.03 | V57: 0.02 | W57: 0.05 | X57: 0.03 | Y57: 0.08 | Z57: —
A58: fats | B58: - | C58: gm | D58: 70 | E58: 2.85 | F58: 3.9 | G58: 1 | H58: 7 | I58: 30.7 | J58: 42.2 | K58: 9.9 | L58: 2.5 | M58: 0.5 | N58: 6 | O58: 0.7 | P58: 1.3 | Q58: 1.4 | R58: 1.1 | S58: 1.5 | T58: 1.6 | U58: 0.2 | V58: 0.2 | W58: 1.2 | X58: 0.2 | Y58: 0.9 | Z58: 99.5
A59: Saturated Fat | B59: - | D59: 20 | E59: 1.56 | F59: 2.4 | G59: 0.6 | H59: 1.2 | I59: 3.3 | J59: 3.7 | K59: 3.1 | L59: 0.6 | M59: 0.1 | N59: 1 | O59: 0.15 | P59: 0.35 | Q59: 0.38 | R59: 0.32 | S59: 0.45 | T59: 0.48 | U59: 0.03 | V59: 0.03 | W59: 0.3 | X59: 0.03 | Y59: 0.25 | Z59: 65
A60: MUFA | B60: - | D60: 10 | E60: 0.62 | F60: 1.1 | G60: 0.25 | H60: 2.2 | I60: 2.3 | J60: 7.5 | K60: 3.7 | L60: 0.9 | M60: 0.1 | N60: 2 | O60: 0.2 | P60: 0.40 | Q60: 0.42 | R60: 0.36 | S60: 0.55 | T60: 0.58 | U60: 0.02 | V60: 0.03 | W60: 0.2 | X60: 0.04 | Y60: 0.45 | Z60: 29
A61: PUFA – Omega-3 (ALA) | B61: ala | D61: 1.6 | E61: 0.49 | F61: 0.05 | G61: 0.02 | H61: 0.1 | I61: 17.8 | J61: 22.8 | K61: 0.1 | L61: 0.02 | M61: 0.3 | N61: 0.2 | O61: 0.02 | P61: 0.10 | Q61: 0.11 | R61: 0.08 | S61: 0.1 | T61: 0.12 | U61: 0.07 | V61: 0.01 | W61: 0.05 | X61: 0.02 | Y61: 0.05 | Z61: 0.3
A62: PUFA – Omega-3 (EPA+DHA) | B62: epa+dha | D62: 0.25 | E62: 0 | F62: 0 | G62: 0 | H62: 0 | I62: 0 | J62: 0 | K62: 0.1 | L62: 0.07 | M62: 0 | N62: 0 | O62: 0 | P62: 0 | Q62: 0 | R62: 0 | S62: 0 | T62: 0 | U62: 0 | V62: 0 | W62: 0 | X62: 0 | Y62: 0 | Z62: 0
A63: PUFA – Omega-6 (LA) | B63: la | D63: 12 | E63: 0.07 | F63: 0.1 | G63: 0.07 | H63: 2.5 | I63: 5.8 | J63: 6.5 | K63: 1.3 | L63: 0.45 | M63: 0.1 | N63: 3 | O63: 0.2 | P63: 0.45 | Q63: 0.48 | R63: 0.4 | S63: 0.65 | T63: 0.7 | U63: 0.04 | V63: 0.02 | W63: 0.1 | X63: 0.05 | Y63: 0.12 | Z63: 3
A64: PUFA – Omega-6 (AA) | B64: aa | D64: 0.3 | E64: 0 | F64: 0 | G64: 0 | H64: 0 | I64: 0 | J64: 0 | K64: 0 | L64: 0.08 | M64: 0 | N64: 0 | O64: 0 | P64: 0 | Q64: 0 | R64: 0 | S64: 0 | T64: 0 | U64: 0 | V64: 0 | W64: 0 | X64: 0 | Y64: 0 | Z64: 0
A65: Ratio O6:O3 | B65: ratio | D65: 0.41736111 | E65: 2.5 | F65: 2 | G65: 3.5:1 | H65: 0.62569444 | I65: 0.04375 | J65: 0.0007349537 | K65: 0.54236111 | L65: 5.5 | M65: 0.20902778 | N65: 0.62569444 | O65: 0.41736111 | P65: 4.5 | Q65: 4.4 | R65: 5 | S65: 6.5 | T65: 5.8 | U65: 0.6:1 | V65: 0.084027778 | W65: 0.084027778 | X65: 2.5:1 | Y65: 2.5 | Z65: 0.41736111
A66: Ratio Sat:Unsat | B66: ratio | D66: 0.042361111 | E66: 0.45 | F66: 1.1 | G66: 1.5:1 | H66: 0.4 | I66: 0.1 | J66: 0.1 | K66: 0.46 | L66: 0.3 | M66: 0.2 | N66: 0.3 | O66: 0.3:1 | P66: 0.37 | Q66: 0.38 | R66: 0.41 | S66: 0.43 | T66: 0.42 | U66: 0.18 | V66: 0.15 | W66: 0.5 | X66: 0.15 | Y66: 0.35 | Z66: 2.3
A67: fibre | B67: - | C67: gm | D67: 25 | E67: 0 | F67: 0 | G67: 0 | H67: 10 | I67: 34.4 | J67: 27.3 | K67: 0 | L67: 0 | M67: 13 | N67: 18 | O67: 1.3 | P67: 16.3 | Q67: 16.8 | R67: 15.6 | S67: 25 | T67: 18.9 | U67: 2.8 | V67: 1.2 | W67: 4 | X67: 2.8 | Y67: 5.4 | Z67: 0
A68: Fiber – Soluble | B68: soluble | C68: gm | D68: 5 | E68: 0 | F68: 0 | G68: 0 | H68: 4 | I68: 10 | J68: 7.5 | K68: 0 | L68: 0 | M68: 3 | N68: 4 | O68: 0.3 | P68: 5.2 | Q68: 5.4 | R68: 5 | S68: 6.5 | T68: 5.8 | U68: 0.6 | V68: 0.4 | W68: 1.2 | X68: 0.7 | Y68: 1.3 | Z68: 0
A69: Fiber – Insoluble | B69: insoluble | C69: gm | D69: 5 | E69: 0 | F69: 0 | G69: 0 | H69: 6 | I69: 24.4 | J69: 19.8 | K69: 0 | L69: 0 | M69: 10 | N69: 14 | O69: 1 | P69: 9.4 | Q69: 9.7 | R69: 9 | S69: 16.5 | T69: 11.2 | U69: 2.2 | V69: 0.8 | W69: 2.8 | X69: 2.1 | Y69: 3.3 | Z69: 0
A70: Resistant starch | B70: starch | C70: gm | D70: 3 | E70: 0 | F70: 0 | G70: 0 | H70: 3 | I70: 0.5 | J70: 0.5 | K70: 0 | L70: 0 | M70: 1 | N70: 2 | O70: 0.5 | P70: 1.7 | Q70: 1.7 | R70: 1.6 | S70: 2 | T70: 1.9 | U70: 0.2 | V70: 0 | W70: 0.1 | X70: 0.1 | Y70: 0.8 | Z70: 0
A72: Glutathione | B72: Endogenous (needs cysteine, glycine, glutamate) | C72: mg | D72: — | F72: 5 | G72: 2 | H72: 20 | I72: 2 | J72: 2 | K72: 10 | M72: 25 | N72: 15 | U72: ~2 | V72: ~1 | W72: 2 | X72: ~3 | Z72: 0
A73: CoQ10 | B73: Endogenous (liver makes, drops with age) | C73: mg | D73: — | F73: 0.3 | G73: 0.02 | H73: 0.3 | I73: 0.6 | J73: 0.6 | K73: 0.1 | M73: 0.5 | N73: 0.4 | U73: — | V73: — | W73: — | X73: — | Z73: 1
A74: Alpha-lipoic acid (ALA) | B74: Endogenous (small) | C74: mg | D74: — | F74: 0.01 | G74: 0 | H74: 0.1 | I74: — | J74: — | K74: 0 | M74: 0.1 | N74: 0.05 | U74: — | V74: — | W74: — | X74: — | Z74: 0
A75: NAC (cysteine source) | B75: Endogenous precursor | C75: mg | D75: — | F75: 0 | G75: 0 | H75: 0 | I75: — | J75: — | K75: 0 | M75: 0 | N75: 0 | U75: — | V75: — | W75: — | X75: — | Z75: 0
A76: Choline (essential, like B-vitamin) | C76: mg | D76: 500 | F76: 14 | G76: 110 | H76: 40 | I76: 60 | J76: 65 | K76: 251 | M76: 110 | N76: 40 | U76: 8 | V76: 6 | W76: 7 | X76: 7 | Z76: 14
A77: Carnitine (Acetyl-L-Carnitine) | C77: mg | F77: 2 | G77: 8 | H77: 0 | J77: 0 | K77: 0.2 | M77: 0 | N77: 0 | U77: 0 | V77: 0 | W77: 0 | X77: 0 | Z77: 1
A78: Taurine | C78: mg | F78: 1 | G78: 2 | H78: 0 | I78: 0 | J78: 0 | K78: 0.2 | M78: 0 | N78: 0 | U78: 0 | V78: 0 | W78: 0 | X78: 0 | Z78: 0
A79: PQQ | C79: mg | F79: 0.02 | G79: 0 | H79: 0 | I79: — | J79: — | K79: 0 | M79: 0 | N79: 0 | U79: — | V79: — | W79: — | X79: — | Z79: —
A80: Betaine (TMG) | C80: mg | D80: 400 | F80: 0.3 | G80: 5 | H80: 34 | I80: 0.8 | J80: 0.9 | K80: 0.8 | M80: 40 | N80: 15 | U80: 0.2 | V80: 0.6 | W80: 0.3 | X80: 0.7 | Z80: 0.1
A82: EGCG | B82: Exogenous (green tea catechin) | C82: mg | F82: 0 | G82: 0 | H82: 0 | I82: 0 | J82: 0 | K82: 0 | M82: 0 | N82: 0 | U82: 0 | V82: 0 | W82: 0 | X82: 0 | Z82: 0
A83: Catechins | B83: Exogenous | C83: mg | F83: 0 | G83: 0 | H83: 0 | I83: 0 | J83: 0 | K83: 0 | M83: 0 | N83: 0 | U83: 0 | V83: 0 | W83: 0 | X83: 0 | Z83: 0
A84: Proanthocyanidins | B84: Exogenous | C84: mg | F84: 0 | G84: 0 | H84: 0 | I84: 0 | J84: 0 | K84: 0 | M84: 0 | N84: 0 | U84: 0 | V84: 0 | W84: 2 | X84: 0 | Z84: 0
A85: Anthocyanins | B85: Exogenous | C85: mg | F85: 0 | G85: 0 | H85: 0 | I85: 0 | J85: 0 | K85: 0 | M85: 0 | N85: 0 | U85: 0 | V85: 0 | W85: 3 | X85: 0 | Z85: 0
A86: Quercetin | B86: Exogenous | C86: mg | F86: 0 | G86: 0 | H86: 8 | I86: 1 | J86: 1 | K86: 0.2 | M86: 3 | N86: 2 | U86: 0.6 | V86: 0.9 | W86: 0.5 | X86: 0.8 | Z86: 0
A87: Resveratrol | B87: Exogenous | C87: mg | F87: 0 | G87: 0 | H87: 0 | I87: 0 | J87: 0 | K87: 0 | M87: 0 | N87: 0 | U87: 0 | V87: 0 | W87: 0 | X87: 0 | Z87: 0
A88: Curcumin | B88: Exogenous | C88: mg | F88: 0 | G88: 0 | H88: 0 | I88: 0 | J88: 0 | K88: 0 | M88: 0 | N88: 0 | U88: 0 | V88: 0 | W88: 0 | X88: 0 | Z88: 0
A89: Ellagic Acid | B89: Exogenous | C89: mg | F89: 0 | G89: 0 | H89: 0 | I89: 0 | J89: 0 | K89: 0 | M89: 0 | N89: 0 | U89: 0 | V89: 0 | W89: 2 | X89: 0 | Z89: 0
A90: Chlorogenic Acid | B90: Exogenous | C90: mg | F90: 0 | G90: 0 | H90: 5 | I90: 0.1 | J90: 0.1 | K90: 0 | M90: 1 | N90: 1 | U90: ~6 | V90: ~7 | W90: 0.3 | X90: ~10 | Z90: 0
A91: Isoflavones | B91: Exogenous (soy) | C91: mg | F91: 0 | G91: 0 | H91: 0 | I91: 0 | J91: 0 | K91: 0 | M91: 150 | N91: 0 | U91: 0 | V91: 0 | W91: 0 | X91: 0 | Z91: 0
A92: Sulforaphane (broccoli sprouts) | B92: Exogenous (broccoli sprouts, Nrf2 activator) | C92: mg | F92: 0 | G92: 0 | H92: 0 | I92: 0 | J92: 0 | K92: 0 | M92: 0 | N92: 0 | U92: 0 | V92: 0 | W92: 0 | X92: 0 | Z92: 0
A93: Phycocyanin (spirulina pigment) | B93: Exogenous (spirulina pigment) | C93: mg | F93: 0 | G93: 0 | H93: 0 | I93: 0 | J93: 0 | K93: 0 | M93: 0 | N93: 0 | U93: 0 | V93: 0 | W93: 0 | X93: 0 | Z93: 0
A94: Ginsenosides (ginseng) | B94: Exogenous (ginseng) | C94: mg | F94: 0 | G94: 0 | H94: 0 | I94: 0 | J94: 0 | K94: 0 | M94: 0 | N94: 0 | U94: 0 | V94: 0 | W94: 0 | X94: 0 | Z94: 0
A95: Theanine (green tea amino acid) | B95: Exogenous (green tea amino acid) | C95: mg | F95: 0 | G95: 0 | H95: 0 | I95: 0 | J95: 0 | K95: 0 | M95: 0 | N95: 0 | U95: 0 | V95: 0 | W95: 0 | X95: 0 | Z95: 0
A96: Betalains (beetroot) | B96: Exogenous (beetroot pigment) | C96: mg | F96: 0 | G96: 0 | H96: 0 | I96: 0 | J96: 0 | K96: 0 | M96: 0 | N96: 0 | U96: 0 | V96: 0 | W96: 0 | X96: -- | Z96: 0
A98: Beta-carotene | B98: Provitamin A carotenoid | C98: mg | F98: 5 | G98: 0 | H98: 0.02 | I98: 0.02 | J98: 0.02 | K98: 0.01 | M98: 0.1 | N98: 0.05 | U98: 8.3 | V98: 0.45 | W98: 0.2 | X98: 0.02 | Z98: 0
A99: Alpha-carotene | B99: Provitamin A carotenoid | C99: mg | F99: 1 | G99: 0 | H99: 0 | I99: 0 | J99: 0 | K99: 0 | M99: 0 | N99: 0 | U99: 0.5 | V99: 0.02 | W99: 0 | X99: 0.01 | Z99: 0
A100: Beta-cryptoxanthin | B100: Provitamin A carotenoid | C100: mg | F100: 3 | G100: 0 | H100: 0 | I100: 0 | J100: 0 | K100: 0.01 | M100: 0 | N100: 0 | U100: 0 | V100: 0.01 | W100: 0.02 | X100: 0 | Z100: 0
A101: Lycopene | B101: Exogenous antioxidant (no RDA) | C101: mg | F101: 0 | G101: 0 | H101: 0 | I101: 0 | J101: 0 | K101: 0 | M101: 0 | N101: 0 | U101: 0 | V101: 2.6 | W101: 0.3 | X101: 0 | Z101: 0
A102: Lutein | B102: Exogenous (eye health) | C102: mg | D102: 6 | F102: 18 | G102: 0 | H102: 0.5 | I102: 0.1 | J102: 0.1 | K102: 0.1 | M102: 0.3 | N102: 0.2 | U102: 0.3 | V102: 0.1 | W102: 0.2 | X102: 0.05 | Z102: 0
A103: Zeaxanthin | B103: Exogenous (eye health) | C103: mg | D103: 2 | F103: 12 | G103: 0 | H103: 0.3 | I103: 0.05 | J103: 0.05 | K103: 0.1 | M103: 0.2 | N103: 0.1 | U103: 0.05 | V103: 0.02 | W103: 0.1 | X103: 0.01 | Z103: 0
A104: Astaxanthin | B104: Exogenous antioxidant (marine carotenoid) | C104: mg | F104: 0 | G104: 0 | H104: 0 | I104: 0 | J104: 0 | K104: 0 | M104: 0 | N104: 0 | U104: 0 | V104: 0 | W104: 0 | X104: 0 | Z104: 0
