Workbook

Sheet Raw_Data
A1: Date | B1: FB | C1: AMZN | D1: AAPL | E1: NFLX | F1: GOOG | G1: SPX
A2: 2014-01-02 | B2: 53.93 | C2: 404.95 | D2: 77.84 | E2: 49.61 | F2: 558.57 | G2: 1900.33
A3: 2014-01-03 | B3: 52.72 | C3: 401.81 | D3: 76.7 | E3: 51.21 | F3: 574.04 | G3: 1929.29
A4: 2014-01-04 | B4: 54.01 | C4: 413.7 | D4: 78.68 | E4: 50.47 | F4: 594.06 | G4: 1973.61
A5: 2014-01-05 | B5: 55.77 | C5: 410.1 | D5: 77.73 | E5: 51 | F5: 602.19 | G5: 1995.4
A6: 2014-01-06 | B6: 57.38 | C6: 425.79 | D6: 76.95 | E6: 50.08 | F6: 596.01 | G6: 1954.36
A7: 2014-01-07 | B7: 56.18 | C7: 420.58 | D7: 79.9 | E7: 52.01 | F7: 614.9 | G7: 1938.65
A8: 2014-01-08 | B8: 56.36 | C8: 422.18 | D8: 82.01 | E8: 53.57 | F8: 597.17 | G8: 1935.5
A9: 2014-01-09 | B9: 57.24 | C9: 411.12 | D9: 82.64 | E9: 55.5 | F9: 606.62 | G9: 1949.53
A10: 2014-01-10 | B10: 57.85 | C10: 403.27 | D10: 80.51 | E10: 55.05 | F10: 622.92 | G10: 1912.45
A11: 2014-01-11 | B11: 57.18 | C11: 398.28 | D11: 80.98 | E11: 54 | F11: 630.25 | G11: 1869.23
A12: 2014-01-12 | B12: 55.56 | C12: 391.56 | D12: 82.61 | E12: 54 | F12: 616.88 | G12: 1855.69
A13: 2014-01-13 | B13: 54.21 | C13: 404.85 | D13: 84.38 | E13: 54.54 | F13: 617.38 | G13: 1840.89
... A30: 2014-01-30 | B30: 64.62 | C30: 438 | D30: 90.54 | E30: 64.67 | F30: 729.4 | G30: 1934.67

Sheet Returns
A1: Date | B1: FB | C1: AMZN | D1: AAPL | E1: NFLX | F1: GOOG | G1: SPX | H1: Portfolio
A2: 2014-01-03 | B2: =(Raw_Data!B3/Raw_Data!B2)-1 | C2: =(Raw_Data!C3/Raw_Data!C2)-1 | D2: =(Raw_Data!D3/Raw_Data!D2)-1 | E2: =(Raw_Data!E3/Raw_Data!E2)-1 | F2: =(Raw_Data!F3/Raw_Data!F2)-1 | G2: =(Raw_Data!G3/Raw_Data!G2)-1 | H2: =AVERAGE(B2:F2)
A3: 2014-01-04 | B3: =(Raw_Data!B4/Raw_Data!B3)-1 | C3: =(Raw_Data!C4/Raw_Data!C3)-1 | D3: =(Raw_Data!D4/Raw_Data!D3)-1 | E3: =(Raw_Data!E4/Raw_Data!E3)-1 | F3: =(Raw_Data!F4/Raw_Data!F3)-1 | G3: =(Raw_Data!G4/Raw_Data!G3)-1 | H3: =AVERAGE(B3:F3)
A4: 2014-01-05 | B4: =(Raw_Data!B5/Raw_Data!B4)-1 | C4: =(Raw_Data!C5/Raw_Data!C4)-1 | D4: =(Raw_Data!D5/Raw_Data!D4)-1 | E4: =(Raw_Data!E5/Raw_Data!E4)-1 | F4: =(Raw_Data!F5/Raw_Data!F4)-1 | G4: =(Raw_Data!G5/Raw_Data!G4)-1 | H4: =AVERAGE(B4:F4)
A5: 2014-01-06 | B5: =(Raw_Data!B6/Raw_Data!B5)-1 | C5: =(Raw_Data!C6/Raw_Data!C5)-1 | D5: =(Raw_Data!D6/Raw_Data!D5)-1 | E5: =(Raw_Data!E6/Raw_Data!E5)-1 | F5: =(Raw_Data!F6/Raw_Data!F5)-1 | G5: =(Raw_Data!G6/Raw_Data!G5)-1 | H5: =AVERAGE(B5:F5)
A6: 2014-01-07 | B6: =(Raw_Data!B7/Raw_Data!B6)-1 | C6: =(Raw_Data!C7/Raw_Data!C6)-1 | D6: =(Raw_Data!D7/Raw_Data!D6)-1 | E6: =(Raw_Data!E7/Raw_Data!E6)-1 | F6: =(Raw_Data!F7/Raw_Data!F6)-1 | G6: =(Raw_Data!G7/Raw_Data!G6)-1 | H6: =AVERAGE(B6:F6)
A7: 2014-01-08 | B7: =(Raw_Data!B8/Raw_Data!B7)-1 | C7: =(Raw_Data!C8/Raw_Data!C7)-1 | D7: =(Raw_Data!D8/Raw_Data!D7)-1 | E7: =(Raw_Data!E8/Raw_Data!E7)-1 | F7: =(Raw_Data!F8/Raw_Data!F7)-1 | G7: =(Raw_Data!G8/Raw_Data!G7)-1 | H7: =AVERAGE(B7:F7)
A8: 2014-01-09 | B8: =(Raw_Data!B9/Raw_Data!B8)-1 | C8: =(Raw_Data!C9/Raw_Data!C8)-1 | D8: =(Raw_Data!D9/Raw_Data!D8)-1 | E8: =(Raw_Data!E9/Raw_Data!E8)-1 | F8: =(Raw_Data!F9/Raw_Data!F8)-1 | G8: =(Raw_Data!G9/Raw_Data!G8)-1 | H8: =AVERAGE(B8:F8)
A9: 2014-01-10 | B9: =(Raw_Data!B10/Raw_Data!B9)-1 | C9: =(Raw_Data!C10/Raw_Data!C9)-1 | D9: =(Raw_Data!D10/Raw_Data!D9)-1 | E9: =(Raw_Data!E10/Raw_Data!E9)-1 | F9: =(Raw_Data!F10/Raw_Data!F9)-1 | G9: =(Raw_Data!G10/Raw_Data!G9)-1 | H9: =AVERAGE(B9:F9)
A10: 2014-01-11 | B10: =(Raw_Data!B11/Raw_Data!B10)-1 | C10: =(Raw_Data!C11/Raw_Data!C10)-1 | D10: =(Raw_Data!D11/Raw_Data!D10)-1 | E10: =(Raw_Data!E11/Raw_Data!E10)-1 | F10: =(Raw_Data!F11/Raw_Data!F10)-1 | G10: =(Raw_Data!G11/Raw_Data!G10)-1 | H10: =AVERAGE(B10:F10)
A11: 2014-01-12 | B11: =(Raw_Data!B12/Raw_Data!B11)-1 | C11: =(Raw_Data!C12/Raw_Data!C11)-1 | D11: =(Raw_Data!D12/Raw_Data!D11)-1 | E11: =(Raw_Data!E12/Raw_Data!E11)-1 | F11: =(Raw_Data!F12/Raw_Data!F11)-1 | G11: =(Raw_Data!G12/Raw_Data!G11)-1 | H11: =AVERAGE(B11:F11)
A12: 2014-01-13 | B12: =(Raw_Data!B13/Raw_Data!B12)-1 | C12: =(Raw_Data!C13/Raw_Data!C12)-1 | D12: =(Raw_Data!D13/Raw_Data!D12)-1 | E12: =(Raw_Data!E13/Raw_Data!E12)-1 | F12: =(Raw_Data!F13/Raw_Data!F12)-1 | G12: =(Raw_Data!G13/Raw_Data!G12)-1 | H12: =AVERAGE(B12:F12)
A13: 2014-01-14 | B13: =(Raw_Data!B14/Raw_Data!B13)-1 | C13: =(Raw_Data!C14/Raw_Data!C13)-1 | D13: =(Raw_Data!D14/Raw_Data!D13)-1 | E13: =(Raw_Data!E14/Raw_Data!E13)-1 | F13: =(Raw_Data!F14/Raw_Data!F13)-1 | G13: =(Raw_Data!G14/Raw_Data!G13)-1 | H13: =AVERAGE(B13:F13)
... A28: 2014-01-29 | B28: =(Raw_Data!B29/Raw_Data!B28)-1 | C28: =(Raw_Data!C29/Raw_Data!C28)-1 | D28: =(Raw_Data!D29/Raw_Data!D28)-1 | E28: =(Raw_Data!E29/Raw_Data!E28)-1 | F28: =(Raw_Data!F29/Raw_Data!F28)-1 | G28: =(Raw_Data!G29/Raw_Data!G28)-1 | H28: =AVERAGE(B28:F28)

Sheet Metrics
A1: Metric | B1: FB | C1: AMZN | D1: AAPL | E1: NFLX | F1: GOOG | G1: SPX | H1: FAANG Portfolio
A2: Monthly Return | B2: =AVERAGE(Returns!B2:B29)*21 | C2: =AVERAGE(Returns!C2:C29)*21 | D2: =AVERAGE(Returns!D2:D29)*21 | E2: =AVERAGE(Returns!E2:E29)*21 | F2: =AVERAGE(Returns!F2:F29)*21 | G2: =AVERAGE(Returns!G2:G29)*21 | H2: =AVERAGE(Returns!H2:H29)*21
A3: STDEV | B3: =STDEV(Returns!B2:B29)*SQRT(21) | C3: =STDEV(Returns!C2:C29)*SQRT(21) | D3: =STDEV(Returns!D2:D29)*SQRT(21) | E3: =STDEV(Returns!E2:E29)*SQRT(21) | F3: =STDEV(Returns!F2:F29)*SQRT(21) | G3: =STDEV(Returns!G2:G29)*SQRT(21) | H3: =STDEV(Returns!H2:H29)*SQRT(21)
A4: Beta | B4: =SLOPE(Returns!B2:B29,Returns!G2:G29) | C4: =SLOPE(Returns!C2:C29,Returns!G2:G29) | D4: =SLOPE(Returns!D2:D29,Returns!G2:G29) | E4: =SLOPE(Returns!E2:E29,Returns!G2:G29) | F4: =SLOPE(Returns!F2:F29,Returns!G2:G29) | H4: =AVERAGE(B4:F4)
A5: Treynor | B5: =( B2 - 0.02 ) / B4 | C5: =( C2 - 0.02 ) / C4 | D5: =( D2 - 0.02 ) / D4 | E5: =( E2 - 0.02 ) / E4 | F5: =( F2 - 0.02 ) / F4 | H5: =(H2-0.02)/H4
A6: VaR at 95% | B6: =-PERCENTILE(Returns!B2:B29,0.05) | C6: =-PERCENTILE(Returns!C2:C29,0.05) | D6: =-PERCENTILE(Returns!D2:D29,0.05) | E6: =-PERCENTILE(Returns!E2:E29,0.05) | F6: =-PERCENTILE(Returns!F2:F29,0.05) | H6: =-PERCENTILE(Returns!H2:H29,0.05)
A7: VaR at 99% | B7: =-PERCENTILE(Returns!B2:B29,0.01) | C7: =-PERCENTILE(Returns!C2:C29,0.01) | D7: =-PERCENTILE(Returns!D2:D29,0.01) | E7: =-PERCENTILE(Returns!E2:E29,0.01) | F7: =-PERCENTILE(Returns!F2:F29,0.01) | H7: =-PERCENTILE(Returns!H2:H29,0.01)

Sheet Dashboard
A1: Investment Risk Dashboard

Sheet 68_95_99.7
A1: X | B1: Density
A2: -3 | B2: 0.0044318484
A3: -2.9 | B3: 0.0059525324
A4: -2.8 | B4: 0.0079154516
A5: -2.7 | B5: 0.010420935
A6: -2.6 | B6: 0.013582969
A7: -2.5 | B7: 0.0175283
A8: -2.4 | B8: 0.02239453
A9: -2.3 | B9: 0.028327038
A10: -2.2 | B10: 0.035474593
A11: -2.1 | B11: 0.043983596
A12: -2 | B12: 0.053990967
A13: -1.9 | B13: 0.065615815
... A62: 3 | B62: 0.0044318484
